{
"type": "FeatureCollection",
"name": "compositions",
"features": [
{ "type": "Feature", "properties": { "segments": "2554,2553,7277,4020", "start": "Gmerk", "stop": "Zinkenkopf", "diff": null, "lit": null, "route": null, "pvol": null, "prte": null, "type": null, "msdd": null, "sri": null, "adiff": null, "sdd": null, "wildlife": null, "status": null, "target": null, "distanz": null, "name": null, "id": 1 }, "geometry": null },
{ "type": "Feature", "properties": { "segments": "2554,2569,3173", "start": "Gmerk", "stop": "Roßfeld", "diff": null, "lit": null, "route": null, "pvol": null, "prte": null, "type": null, "msdd": null, "sri": null, "adiff": null, "sdd": null, "wildlife": null, "status": null, "target": null, "distanz": null, "name": null, "id": 2 }, "geometry": null },
{ "type": "Feature", "properties": { "segments": "3148,4044,4018,2573,3173", "start": "Unterau", "stop": "Roßfeld", "diff": null, "lit": null, "route": null, "pvol": "BayerischeAlpen", "prte": "G25", "type": null, "msdd": null, "sri": null, "adiff": null, "sdd": null, "wildlife": null, "status": null, "target": null, "distanz": null, "name": null, "id": 3 }, "geometry": null },
{ "type": "Feature", "properties": { "segments": "3172,3149,3216", "start": "Roßfeldstraße", "stop": "Kehlstein", "diff": null, "lit": null, "route": null, "pvol": "", "prte": "", "type": null, "msdd": null, "sri": null, "adiff": null, "sdd": null, "wildlife": null, "status": null, "target": null, "distanz": null, "name": null, "id": 4 }, "geometry": null },
{ "type": "Feature", "properties": { "segments": "3171,3149,3216", "start": "Obersalzberg", "stop": "Kehlstein", "diff": null, "lit": null, "route": "Nordkar", "pvol": "BayerischeAlpen", "prte": "C26", "type": null, "msdd": null, "sri": null, "adiff": null, "sdd": null, "wildlife": null, "status": null, "target": null, "distanz": null, "name": null, "id": 5 }, "geometry": null },
{ "type": "Feature", "properties": { "segments": "3154,3908,7185,3909", "start": "Dürreck", "stop": "Hoher Göll", "diff": null, "lit": null, "route": null, "pvol": "Bayerische Alpen", "prte": "G22", "type": null, "msdd": "-1", "sri": null, "adiff": null, "sdd": null, "wildlife": null, "status": null, "target": null, "distanz": null, "name": null, "id": 6 }, "geometry": null },
{ "type": "Feature", "properties": { "segments": "2551", "start": "Roßfeldstraße", "stop": "Eckerfirst", "diff": null, "lit": null, "route": null, "pvol": "BayerischeAlpen", "prte": "G24", "type": null, "msdd": null, "sri": null, "adiff": null, "sdd": null, "wildlife": null, "status": null, "target": null, "distanz": null, "name": null, "id": 7 }, "geometry": null },
{ "type": "Feature", "properties": { "segments": "3818,3816,4261,3202,2595", "start": "3818,3817,3228,3202,2595,3907,2594", "stop": "Hochschlegel - Karkopf", "diff": null, "lit": null, "route": null, "pvol": null, "prte": null, "type": null, "msdd": null, "sri": null, "adiff": null, "sdd": null, "wildlife": null, "status": null, "target": null, "distanz": null, "name": null, "id": 8 }, "geometry": null },
{ "type": "Feature", "properties": { "segments": "3818,3816,4261,4014", "start": "3818,3817,3228,3202,3201", "stop": "Predightstuhlbahn", "diff": null, "lit": null, "route": null, "pvol": null, "prte": null, "type": null, "msdd": null, "sri": null, "adiff": null, "sdd": null, "wildlife": null, "status": null, "target": null, "distanz": null, "name": null, "id": 9 }, "geometry": null },
{ "type": "Feature", "properties": { "segments": "4012,3203,4013,2594", "start": "Klaushäusl", "stop": "Karkopf", "diff": null, "lit": null, "route": null, "pvol": null, "prte": null, "type": null, "msdd": null, "sri": null, "adiff": null, "sdd": null, "wildlife": null, "status": null, "target": null, "distanz": null, "name": null, "id": 11 }, "geometry": null },
{ "type": "Feature", "properties": { "segments": "4189,4241,4244", "start": "Schwarzeck", "stop": "Toter Mann", "diff": null, "lit": null, "route": null, "pvol": null, "prte": null, "type": null, "msdd": null, "sri": null, "adiff": null, "sdd": null, "wildlife": null, "status": null, "target": null, "distanz": null, "name": null, "id": 12 }, "geometry": null },
{ "type": "Feature", "properties": { "segments": "4012,3203,4013,3907,2595,3201", "start": "Klaushäusl", "stop": "Predigtstuhl", "diff": null, "lit": null, "route": null, "pvol": null, "prte": null, "type": null, "msdd": null, "sri": null, "adiff": null, "sdd": null, "wildlife": null, "status": null, "target": null, "distanz": null, "name": null, "id": 13 }, "geometry": null },
{ "type": "Feature", "properties": { "segments": "2136,2116,2110,2037,2035,2007,1994,2105,4181", "start": "Immenstadt", "stop": "Immenstädter Horn", "diff": null, "lit": null, "route": null, "pvol": null, "prte": null, "type": null, "msdd": null, "sri": null, "adiff": null, "sdd": null, "wildlife": null, "status": null, "target": null, "distanz": null, "name": null, "id": 14 }, "geometry": null },
{ "type": "Feature", "properties": { "segments": "1669,1675,1678,1821,1824,1814,1656,1642,1616,1620,1629", "start": "Hochgratbahn", "stop": "Gündleskopf", "diff": null, "lit": null, "route": null, "pvol": null, "prte": null, "type": null, "msdd": null, "sri": null, "adiff": null, "sdd": null, "wildlife": null, "status": null, "target": null, "distanz": null, "name": null, "id": 15 }, "geometry": null },
{ "type": "Feature", "properties": { "segments": "1663,4248,1645,1551,1552,1539,1500,1519,1503,1488,4282,1477,1434,1473", "start": "Hochgratbahn", "stop": "Hochgrat", "diff": null, "lit": null, "route": null, "pvol": null, "prte": null, "type": null, "msdd": null, "sri": null, "adiff": null, "sdd": null, "wildlife": null, "status": null, "target": null, "distanz": null, "name": null, "id": 16 }, "geometry": null },
{ "type": "Feature", "properties": { "segments": "2527,3244,3342,3346", "start": "Loch", "stop": "Teisenberg", "diff": null, "lit": null, "route": null, "pvol": null, "prte": null, "type": null, "msdd": null, "sri": null, "adiff": null, "sdd": null, "wildlife": null, "status": null, "target": null, "distanz": null, "name": null, "id": 17 }, "geometry": null },
{ "type": "Feature", "properties": { "segments": "3243,3345", "start": "Farnbichl", "stop": "Teisenberg", "diff": null, "lit": null, "route": null, "pvol": null, "prte": null, "type": null, "msdd": null, "sri": null, "adiff": null, "sdd": null, "wildlife": null, "status": null, "target": null, "distanz": null, "name": null, "id": 18 }, "geometry": null },
{ "type": "Feature", "properties": { "segments": "2518,3347,3343,3346", "start": "Achner", "stop": "Teisenberg", "diff": null, "lit": null, "route": null, "pvol": null, "prte": null, "type": null, "msdd": null, "sri": null, "adiff": null, "sdd": null, "wildlife": null, "status": null, "target": null, "distanz": null, "name": null, "id": 19 }, "geometry": null },
{ "type": "Feature", "properties": { "segments": "3230,3229,2521,3233,3234,3861,2519,2656", "start": "Bad Reichenhall", "stop": "Zwiesel", "diff": null, "lit": null, "route": null, "pvol": "BayerischeAlpen", "prte": "F15v", "type": null, "msdd": null, "sri": null, "adiff": null, "sdd": null, "wildlife": null, "status": null, "target": null, "distanz": null, "name": null, "id": 20 }, "geometry": null },
{ "type": "Feature", "properties": { "segments": "2517,3860", "start": "Jochberg", "stop": "Gamsknogel", "diff": null, "lit": null, "route": null, "pvol": "BayerischeAlpen", "prte": "F14", "type": null, "msdd": null, "sri": null, "adiff": null, "sdd": null, "wildlife": null, "status": null, "target": null, "distanz": null, "name": null, "id": 21 }, "geometry": null },
{ "type": "Feature", "properties": { "segments": "2598,4186,4241,4244", "start": "Ramsau", "stop": "Toter Mann", "diff": null, "lit": null, "route": null, "pvol": null, "prte": null, "type": null, "msdd": null, "sri": null, "adiff": null, "sdd": null, "wildlife": null, "status": null, "target": null, "distanz": null, "name": null, "id": 22 }, "geometry": null },
{ "type": "Feature", "properties": { "segments": "2095,7331,3624,3625,3622,3621,2014,1924,1906", "start": "Immenstadt", "stop": "Mittag", "diff": null, "lit": null, "route": null, "pvol": null, "prte": null, "type": null, "msdd": null, "sri": null, "adiff": null, "sdd": null, "wildlife": null, "status": null, "target": null, "distanz": null, "name": null, "id": 23 }, "geometry": null },
{ "type": "Feature", "properties": { "segments": "1723,1760,1761,1769,1796,1816,1835,3620,1849", "start": "Gunzesried", "stop": "Bärenköpfle", "diff": null, "lit": null, "route": null, "pvol": null, "prte": null, "type": null, "msdd": null, "sri": null, "adiff": null, "sdd": null, "wildlife": null, "status": null, "target": null, "distanz": null, "name": null, "id": 24 }, "geometry": null },
{ "type": "Feature", "properties": { "segments": "1723,1760,1761,1769,1796,1816,1835,1842,1841,1820", "start": "Gunzesried", "stop": "Steineberg", "diff": null, "lit": null, "route": null, "pvol": null, "prte": null, "type": null, "msdd": null, "sri": null, "adiff": null, "sdd": null, "wildlife": null, "status": null, "target": null, "distanz": null, "name": null, "id": 25 }, "geometry": null },
{ "type": "Feature", "properties": { "segments": "1443,1421,1410", "start": "Angerhütte", "stop": "Rangiswanger Horn", "diff": null, "lit": null, "route": null, "pvol": "Allgaeu", "prte": "L2.2", "type": null, "msdd": null, "sri": null, "adiff": null, "sdd": null, "wildlife": null, "status": null, "target": null, "distanz": null, "name": null, "id": 26 }, "geometry": null },
{ "type": "Feature", "properties": { "segments": "1438,3628,1050,993,4295", "start": "Angerhütte", "stop": "Riedberger Horn", "diff": null, "lit": null, "route": null, "pvol": "Allgaeu", "prte": "L4.3", "type": null, "msdd": null, "sri": null, "adiff": null, "sdd": null, "wildlife": null, "status": null, "target": null, "distanz": null, "name": null, "id": 27 }, "geometry": null },
{ "type": "Feature", "properties": { "segments": "1438,1216,1200,1204,1205,1208,1211,1214,1215,1230,1231,1227,1187,1159", "start": "Gunzesried Säge", "stop": "Bleicher Horn", "diff": null, "lit": null, "route": null, "pvol": null, "prte": null, "type": null, "msdd": null, "sri": null, "adiff": null, "sdd": null, "wildlife": null, "status": null, "target": null, "distanz": null, "name": null, "id": 28 }, "geometry": null },
{ "type": "Feature", "properties": { "segments": "1438,1216,1200,1204,1205,1208,1211,1214,1215,1230,1229,1162,1133", "start": "Gunzesried Säge", "stop": "Höllritzereck", "diff": null, "lit": null, "route": null, "pvol": null, "prte": null, "type": null, "msdd": null, "sri": null, "adiff": null, "sdd": null, "wildlife": null, "status": null, "target": null, "distanz": null, "name": null, "id": 29 }, "geometry": null },
{ "type": "Feature", "properties": { "segments": "1631,1619,1603,1586,1460,1402,4290,4104,1362,4103", "start": "Gunzesrieder Säge", "stop": "Tennenmooskopf", "diff": null, "lit": null, "route": null, "pvol": null, "prte": null, "type": null, "msdd": null, "sri": null, "adiff": null, "sdd": null, "wildlife": null, "status": null, "target": null, "distanz": null, "name": null, "id": 30 }, "geometry": null },
{ "type": "Feature", "properties": { "segments": "1631,1619,1603,1587,1646,1697", "start": "Gunzesrieder Säge", "stop": "Sederer Stuiben", "diff": null, "lit": null, "route": null, "pvol": null, "prte": null, "type": null, "msdd": null, "sri": null, "adiff": null, "sdd": null, "wildlife": null, "status": null, "target": null, "distanz": null, "name": null, "id": 31 }, "geometry": null },
{ "type": "Feature", "properties": { "segments": "1631,1619,1603,1587,1646,1647,1660,1668", "start": "Gunzesrieder Säge", "stop": "Buralpkopf", "diff": null, "lit": null, "route": null, "pvol": null, "prte": null, "type": null, "msdd": null, "sri": null, "adiff": null, "sdd": null, "wildlife": null, "status": null, "target": null, "distanz": null, "name": null, "id": 32 }, "geometry": null },
{ "type": "Feature", "properties": { "segments": "1631,1619,1603,1587,1567,1591,1620,1629", "start": "Gunzesrieder Säge", "stop": "Gündleskopf", "diff": null, "lit": null, "route": null, "pvol": null, "prte": null, "type": null, "msdd": null, "sri": null, "adiff": null, "sdd": null, "wildlife": null, "status": null, "target": null, "distanz": null, "name": null, "id": 33 }, "geometry": null },
{ "type": "Feature", "properties": { "segments": "1631,1619,1603,1587,1567,1591,1598", "start": "Gunzesrieder Säge", "stop": "Rindalphorn", "diff": null, "lit": null, "route": null, "pvol": null, "prte": null, "type": null, "msdd": null, "sri": null, "adiff": null, "sdd": null, "wildlife": null, "status": null, "target": null, "distanz": null, "name": null, "id": 34 }, "geometry": null },
{ "type": "Feature", "properties": { "segments": "2159,2163,4113,2143,2106,4112,4181", "start": "Gschwend", "stop": "Immenstädter Horn", "diff": null, "lit": null, "route": "Normalroute", "pvol": "Allgaeu", "prte": "L10", "type": null, "msdd": null, "sri": null, "adiff": null, "sdd": null, "wildlife": null, "status": null, "target": null, "distanz": null, "name": null, "id": 35 }, "geometry": null },
{ "type": "Feature", "properties": { "segments": "2136,2116,2110,2037,2035,2006,1918,1813,1733,1713", "start": "Immenstadt", "stop": "Stuiben", "diff": null, "lit": null, "route": null, "pvol": "Allgaeu", "prte": "L", "type": null, "msdd": null, "sri": null, "adiff": null, "sdd": null, "wildlife": null, "status": null, "target": null, "distanz": null, "name": null, "id": 36 }, "geometry": null },
{ "type": "Feature", "properties": { "segments": "1443,1420,1306,1289,1137,1089,1059", "start": "Angerhütte", "stop": "Großer Ochsenkopf", "diff": null, "lit": null, "route": null, "pvol": "Allgaeu", "prte": "L3", "type": null, "msdd": null, "sri": null, "adiff": null, "sdd": null, "wildlife": null, "status": null, "target": null, "distanz": null, "name": null, "id": 37 }, "geometry": null },
{ "type": "Feature", "properties": { "segments": "906,939,943,942,936,927,921,935,925,914,926", "start": "Obermaiselstein", "stop": "Wannenkopf", "diff": null, "lit": null, "route": null, "pvol": "Allgaeu", "prte": "L1", "type": null, "msdd": null, "sri": null, "adiff": null, "sdd": null, "wildlife": null, "status": null, "target": null, "distanz": null, "name": null, "id": 38 }, "geometry": null },
{ "type": "Feature", "properties": { "segments": "806,811,3630,840,866,872,899,913,926", "start": "Riedbergpass", "stop": "Wannenkopf", "diff": null, "lit": null, "route": null, "pvol": null, "prte": null, "type": null, "msdd": null, "sri": null, "adiff": null, "sdd": null, "wildlife": null, "status": null, "target": null, "distanz": null, "name": null, "id": 39 }, "geometry": null },
{ "type": "Feature", "properties": { "segments": "907,951,954,956", "start": "Grasgehren", "stop": "Riedberger Horn", "diff": null, "lit": null, "route": null, "pvol": "Allgaeu", "prte": "K2", "type": null, "msdd": null, "sri": null, "adiff": null, "sdd": null, "wildlife": null, "status": null, "target": null, "distanz": null, "name": null, "id": 40 }, "geometry": null },
{ "type": "Feature", "properties": { "segments": "906,939,943,1002,1001,965,7330,954,956", "start": "Obermaiselstein", "stop": "Riedberger Horn", "diff": null, "lit": null, "route": null, "pvol": "Allgaeu", "prte": "K2.1", "type": null, "msdd": null, "sri": null, "adiff": null, "sdd": null, "wildlife": null, "status": null, "target": null, "distanz": null, "name": null, "id": 41 }, "geometry": null },
{ "type": "Feature", "properties": { "segments": "902,904,948,946,955", "start": "Balderschwang-Anger", "stop": "Riedberger Horn", "diff": null, "lit": null, "route": null, "pvol": "Allgaeu", "prte": "K2.3", "type": null, "msdd": null, "sri": null, "adiff": null, "sdd": null, "wildlife": null, "status": null, "target": null, "distanz": null, "name": null, "id": 42 }, "geometry": null },
{ "type": "Feature", "properties": { "segments": "888,850,798,818", "start": "In der Scheue", "stop": "Hochschelpen", "diff": null, "lit": null, "route": null, "pvol": null, "prte": null, "type": null, "msdd": null, "sri": null, "adiff": null, "sdd": null, "wildlife": null, "status": null, "target": null, "distanz": null, "name": null, "id": 43 }, "geometry": null },
{ "type": "Feature", "properties": { "segments": "1126,1140,1190,1224,1236,1273,1277", "start": "Balderschwang", "stop": "Siplingerkopf", "diff": null, "lit": null, "route": null, "pvol": "Allgaeu", "prte": "K3", "type": null, "msdd": null, "sri": null, "adiff": null, "sdd": null, "wildlife": null, "status": null, "target": null, "distanz": null, "name": null, "id": 44 }, "geometry": null },
{ "type": "Feature", "properties": { "segments": "1126,1140,1190,1224,1236,1238", "start": "Balderschwang", "stop": "Girenkopf", "diff": null, "lit": null, "route": null, "pvol": "Allgaeu", "prte": "K5", "type": null, "msdd": null, "sri": null, "adiff": null, "sdd": null, "wildlife": null, "status": null, "target": null, "distanz": null, "name": null, "id": 45 }, "geometry": null },
{ "type": "Feature", "properties": { "segments": "1033,950,919,878,874", "start": "Balderschwang", "stop": "Burstkopf", "diff": null, "lit": null, "route": null, "pvol": null, "prte": null, "type": null, "msdd": null, "sri": null, "adiff": null, "sdd": null, "wildlife": null, "status": null, "target": null, "distanz": null, "name": null, "id": 46 }, "geometry": null },
{ "type": "Feature", "properties": { "segments": "1033,949,4293,7289,800,7290,799", "start": "Balderschwang", "stop": "Feuerstätterkopf", "diff": null, "lit": null, "route": null, "pvol": null, "prte": null, "type": null, "msdd": null, "sri": null, "adiff": null, "sdd": null, "wildlife": null, "status": null, "target": null, "distanz": null, "name": null, "id": 47 }, "geometry": null },
{ "type": "Feature", "properties": { "segments": "1068,1079,1098", "start": "Sippersegg", "stop": "Östlicher Koppachstein", "diff": null, "lit": null, "route": null, "pvol": "BregenzerWald", "prte": "A6", "type": null, "msdd": null, "sri": null, "adiff": null, "sdd": null, "wildlife": null, "status": null, "target": null, "distanz": null, "name": null, "id": 48 }, "geometry": null },
{ "type": "Feature", "properties": { "segments": "1085,4294,1101", "start": "Schlipfhalden", "stop": "Hocheckachalpe", "diff": null, "lit": null, "route": null, "pvol": null, "prte": null, "type": null, "msdd": null, "sri": null, "adiff": null, "sdd": null, "wildlife": null, "status": null, "target": null, "distanz": null, "name": null, "id": 49 }, "geometry": null },
{ "type": "Feature", "properties": { "segments": "689,690,684,655,641,3597,602", "start": "Giebelhaus", "stop": "Schochen", "diff": null, "lit": null, "route": null, "pvol": "Allgaeu", "prte": "G4", "type": null, "msdd": null, "sri": null, "adiff": null, "sdd": null, "wildlife": null, "status": null, "target": null, "distanz": null, "name": null, "id": 50 }, "geometry": null },
{ "type": "Feature", "properties": { "segments": "689,3600,728,755,3602,3595,804,831,846", "start": "Giebelhaus", "stop": "Großer Daumen", "diff": null, "lit": null, "route": null, "pvol": "Allgaeu", "prte": "G4", "type": null, "msdd": null, "sri": null, "adiff": null, "sdd": null, "wildlife": null, "status": null, "target": null, "distanz": null, "name": null, "id": 51 }, "geometry": null },
{ "type": "Feature", "properties": { "segments": "1631,1619,1603,1586,1460,1401,1383,1342,4205,1227,1187,1159", "start": "Gunzesrieder Säge", "stop": "Bleicher Horn", "diff": null, "lit": null, "route": null, "pvol": "Allgaeu", "prte": "L6.1", "type": null, "msdd": null, "sri": null, "adiff": null, "sdd": null, "wildlife": null, "status": null, "target": null, "distanz": null, "name": null, "id": 52 }, "geometry": null },
{ "type": "Feature", "properties": { "segments": "1191,1258,1325,4278", "start": "Bolgenach", "stop": "Hochhädrich", "diff": null, "lit": null, "route": null, "pvol": null, "prte": null, "type": null, "msdd": null, "sri": null, "adiff": null, "sdd": null, "wildlife": null, "status": null, "target": null, "distanz": null, "name": null, "id": 53 }, "geometry": null },
{ "type": "Feature", "properties": { "segments": "1160,3608,3609,1300,1339", "start": "Bolgenach", "stop": "Falken", "diff": null, "lit": null, "route": null, "pvol": null, "prte": null, "type": null, "msdd": null, "sri": null, "adiff": null, "sdd": null, "wildlife": null, "status": null, "target": null, "distanz": null, "name": null, "id": 54 }, "geometry": null },
{ "type": "Feature", "properties": { "segments": "1160,1128,3606,1150,1081", "start": "Bolgenach", "stop": "Koppachstein", "diff": null, "lit": null, "route": null, "pvol": null, "prte": null, "type": null, "msdd": null, "sri": null, "adiff": null, "sdd": null, "wildlife": null, "status": null, "target": null, "distanz": null, "name": null, "id": 55 }, "geometry": null },
{ "type": "Feature", "properties": { "segments": "4289,2089,4286,4288,2016", "start": "Thalkirchdorf", "stop": "Mittelbergalpe", "diff": null, "lit": null, "route": null, "pvol": null, "prte": null, "type": null, "msdd": null, "sri": null, "adiff": null, "sdd": null, "wildlife": null, "status": null, "target": null, "distanz": null, "name": null, "id": 56 }, "geometry": null },
{ "type": "Feature", "properties": { "segments": "2160", "start": "Salmas", "stop": "Salmaser Höhe", "diff": null, "lit": null, "route": null, "pvol": null, "prte": null, "type": null, "msdd": null, "sri": null, "adiff": null, "sdd": null, "wildlife": null, "status": null, "target": null, "distanz": null, "name": null, "id": 57 }, "geometry": null },
{ "type": "Feature", "properties": { "segments": "1756,4247", "start": "Schindelberg", "stop": "Fluh", "diff": null, "lit": null, "route": null, "pvol": null, "prte": null, "type": null, "msdd": null, "sri": null, "adiff": null, "sdd": null, "wildlife": null, "status": null, "target": null, "distanz": null, "name": null, "id": 58 }, "geometry": null },
{ "type": "Feature", "properties": { "segments": "3659", "start": "Diepolz", "stop": "Hauchenberg", "diff": null, "lit": null, "route": null, "pvol": null, "prte": null, "type": null, "msdd": null, "sri": null, "adiff": null, "sdd": null, "wildlife": null, "status": null, "target": null, "distanz": null, "name": null, "id": 59 }, "geometry": null },
{ "type": "Feature", "properties": { "segments": "3658,4117", "start": "Missen", "stop": "Hauchenberg", "diff": null, "lit": null, "route": null, "pvol": null, "prte": null, "type": null, "msdd": null, "sri": null, "adiff": null, "sdd": null, "wildlife": null, "status": null, "target": null, "distanz": null, "name": null, "id": 60 }, "geometry": null },
{ "type": "Feature", "properties": { "segments": "2522,2523,3934,3936,3935,3251,3771", "start": "Aschenau", "stop": "Streicher", "diff": null, "lit": null, "route": null, "pvol": "BayerischeAlpen", "prte": "F7", "type": null, "msdd": null, "sri": null, "adiff": null, "sdd": null, "wildlife": null, "status": null, "target": null, "distanz": null, "name": null, "id": 61 }, "geometry": null },
{ "type": "Feature", "properties": { "segments": "2522,2523,3934,3936,3935,3767,3768,3766", "start": "Aschenau", "stop": "Vorderer Rauschberg", "diff": null, "lit": null, "route": "Kienbergroute", "pvol": "BayerischeAlpen", "prte": "F7", "type": null, "msdd": null, "sri": null, "adiff": null, "sdd": null, "wildlife": null, "status": null, "target": null, "distanz": null, "name": null, "id": 62 }, "geometry": null },
{ "type": "Feature", "properties": { "segments": "3248,3766,3768,3767,3251,3771", "start": "Rauschbergbahn", "stop": "Streicher", "diff": null, "lit": null, "route": null, "pvol": null, "prte": null, "type": null, "msdd": null, "sri": null, "adiff": null, "sdd": null, "wildlife": null, "status": null, "target": "s", "distanz": null, "name": null, "id": 63 }, "geometry": null },
{ "type": "Feature", "properties": { "segments": "3248,3937,3250,3765,2526", "start": "Rauschberghaus", "stop": "Hinterer Rauschberg", "diff": null, "lit": null, "route": null, "pvol": null, "prte": null, "type": null, "msdd": null, "sri": null, "adiff": null, "sdd": null, "wildlife": null, "status": null, "target": null, "distanz": null, "name": null, "id": 64 }, "geometry": null },
{ "type": "Feature", "properties": { "segments": "3176,3923,2533,2599,3354,3796,2026", "start": "Hammerstiel", "stop": "Drittes Watzmannkind", "diff": null, "lit": null, "route": "Watzmannkar", "pvol": "BayerischeAlpen", "prte": "G12b", "type": null, "msdd": null, "sri": null, "adiff": null, "sdd": null, "wildlife": null, "status": null, "target": null, "distanz": null, "name": null, "id": 65 }, "geometry": null },
{ "type": "Feature", "properties": { "segments": "3176,3923,2533,2599,3354,3796,2025,1986", "start": "Hammerstiel", "stop": "Skischarte", "diff": null, "lit": null, "route": "Watzmannkar", "pvol": "BayerischeAlpen", "prte": "G12b", "type": null, "msdd": null, "sri": null, "adiff": null, "sdd": null, "wildlife": null, "status": null, "target": null, "distanz": null, "name": null, "id": 66 }, "geometry": null },
{ "type": "Feature", "properties": { "segments": "1663,4248,4249,1637,1613,1589,1483", "start": "Hochgratbahn", "stop": "Seelekopf", "diff": null, "lit": null, "route": null, "pvol": null, "prte": null, "type": null, "msdd": null, "sri": null, "adiff": null, "sdd": null, "wildlife": null, "status": null, "target": null, "distanz": null, "name": null, "id": 67 }, "geometry": null },
{ "type": "Feature", "properties": { "segments": "3350,3153,3351,2530,3177,7177,3180,2531,7294,4250,2118", "start": "Wimbachbrücke", "stop": "Hocheck", "diff": null, "lit": null, "route": null, "pvol": "BayerischeAlpen", "prte": "G11", "type": null, "msdd": null, "sri": null, "adiff": null, "sdd": null, "wildlife": null, "status": null, "target": null, "distanz": null, "name": null, "id": 68 }, "geometry": null },
{ "type": "Feature", "properties": { "segments": "3349,2540,2568,1990,1847,4251,1493,1596,1651,1650", "start": "Wimbachbrücke", "stop": "Seehorn", "diff": null, "lit": null, "route": "über das Hundstodgatterl", "pvol": "BayerischeAlpen", "prte": "G10", "type": null, "msdd": null, "sri": null, "adiff": null, "sdd": null, "wildlife": null, "status": null, "target": null, "distanz": null, "name": null, "id": 69 }, "geometry": null },
{ "type": "Feature", "properties": { "segments": "3349,2540,2568,1989,1807,7171,1650", "start": "Wimbachbrücke", "stop": "Seehorn", "diff": null, "lit": null, "route": "durch den Loferer Seilergraben", "pvol": "Bayerische Alpen", "prte": "G10", "type": null, "msdd": null, "sri": null, "adiff": null, "sdd": null, "wildlife": null, "status": null, "target": null, "distanz": null, "name": null, "id": 70 }, "geometry": null },
{ "type": "Feature", "properties": { "segments": "1324,1303,1219,1197,1206,7187,1218", "start": "Kärlingerhaus", "stop": "Funtenseetauern", "diff": null, "lit": null, "route": "Ledererkar", "pvol": "BayerischeAlpen", "prte": "G15", "type": null, "msdd": null, "sri": null, "adiff": null, "sdd": null, "wildlife": null, "status": null, "target": null, "distanz": null, "name": null, "id": 71 }, "geometry": null },
{ "type": "Feature", "properties": { "segments": "1332,1331,1308,1247,910", "start": "Kärlingerhaus", "stop": "Breithorn", "diff": null, "lit": null, "route": "", "pvol": "BayerischeAlpen", "prte": "G17v", "type": null, "msdd": null, "sri": null, "adiff": null, "sdd": null, "wildlife": null, "status": null, "target": null, "distanz": null, "name": null, "id": 72 }, "geometry": null },
{ "type": "Feature", "properties": { "segments": "2555,3348,2601,2550,3920,3217", "start": "Ramsau", "stop": "Hochalm", "diff": null, "lit": null, "route": null, "pvol": "BayerischeAlpen", "prte": "G2", "type": null, "msdd": "-1", "sri": null, "adiff": null, "sdd": null, "wildlife": null, "status": null, "target": null, "distanz": null, "name": null, "id": 73 }, "geometry": null },
{ "type": "Feature", "properties": { "segments": "4494,2567,4253,2543,3792", "start": "Hintersee", "stop": "Schönwandeck", "diff": null, "lit": null, "route": null, "pvol": "BayerischeAlpen", "prte": "G5", "type": null, "msdd": null, "sri": null, "adiff": null, "sdd": null, "wildlife": null, "status": null, "target": null, "distanz": null, "name": null, "id": 74 }, "geometry": null },
{ "type": "Feature", "properties": { "segments": "4494,2567,4253,3227,4482,3790,2001", "start": "Hintersee", "stop": "Hochfeldscharte", "diff": null, "lit": null, "route": null, "pvol": "BayerischeAlpen", "prte": "G7b", "type": null, "msdd": null, "sri": null, "adiff": null, "sdd": null, "wildlife": null, "status": null, "target": null, "distanz": null, "name": null, "id": 75 }, "geometry": null },
{ "type": "Feature", "properties": { "segments": "2534,2547,2536,4475,2653,2539", "start": "Oberjettenberg", "stop": "Großer Weitschartenkopf", "diff": null, "lit": null, "route": null, "pvol": "BayerischeAlpen", "prte": "H1", "type": null, "msdd": null, "sri": null, "adiff": null, "sdd": null, "wildlife": null, "status": null, "target": null, "distanz": null, "name": null, "id": 76 }, "geometry": null },
{ "type": "Feature", "properties": { "segments": "2534,2547,2536,4475,4480,2651,2545,2541,3784,3782,2542,3781", "start": "Oberjettenberg", "stop": "Wagendrischelhorn", "diff": null, "lit": null, "route": null, "pvol": "BayerischeAlpen", "prte": "H2", "type": null, "msdd": null, "sri": null, "adiff": null, "sdd": null, "wildlife": null, "status": null, "target": null, "distanz": null, "name": null, "id": 77 }, "geometry": null },
{ "type": "Feature", "properties": { "segments": "4254,1998,2018,2019,2005,1952,1897", "start": "Hintertal", "stop": "Hocheisspitze", "diff": null, "lit": null, "route": null, "pvol": "Salzburg1", "prte": "C1", "type": null, "msdd": null, "sri": null, "adiff": null, "sdd": null, "wildlife": null, "status": null, "target": null, "distanz": null, "name": null, "id": 78 }, "geometry": null },
{ "type": "Feature", "properties": { "segments": "7293,4143,1665,4142,1638", "start": "Hintertal", "stop": "Kühkranz", "diff": null, "lit": null, "route": null, "pvol": null, "prte": null, "type": null, "msdd": null, "sri": null, "adiff": null, "sdd": null, "wildlife": null, "status": null, "target": null, "distanz": null, "name": null, "id": 79 }, "geometry": null },
{ "type": "Feature", "properties": { "segments": "7293,4143,1666,7168,7170,1630", "start": "Hintertal", "stop": "Seehorn", "diff": null, "lit": null, "route": null, "pvol": null, "prte": null, "type": null, "msdd": null, "sri": null, "adiff": null, "sdd": null, "wildlife": null, "status": null, "target": null, "distanz": null, "name": null, "id": 80 }, "geometry": null },
{ "type": "Feature", "properties": { "segments": "3282,3284,7350,7349,7352,3385", "start": "Kohlstadt", "stop": "Hochfelln", "diff": null, "lit": null, "route": null, "pvol": null, "prte": null, "type": null, "msdd": null, "sri": null, "adiff": null, "sdd": null, "wildlife": null, "status": null, "target": null, "distanz": null, "name": null, "id": 81 }, "geometry": null },
{ "type": "Feature", "properties": { "segments": "2857,3762,2858,3280,3509,3508,3506,3505,7351,7349,7352,3385", "start": "Steinbergalm", "stop": "Hochfelln", "diff": null, "lit": null, "route": null, "pvol": "BayerischeAlpen", "prte": "F2v", "type": null, "msdd": null, "sri": null, "adiff": null, "sdd": null, "wildlife": null, "status": null, "target": "PS", "distanz": null, "name": null, "id": 82 }, "geometry": null },
{ "type": "Feature", "properties": { "segments": "3287,3940,3286,7352,3385", "start": "Staudiglhütte", "stop": "Hochfelln", "diff": null, "lit": null, "route": null, "pvol": null, "prte": null, "type": null, "msdd": null, "sri": null, "adiff": null, "sdd": null, "wildlife": null, "status": null, "target": null, "distanz": null, "name": null, "id": 83 }, "geometry": null },
{ "type": "Feature", "properties": { "segments": "3514,3513,3272,3511,3515,3512", "start": "Brandstätt", "stop": "Unternberg", "diff": null, "lit": null, "route": null, "pvol": "BayerischeAlpen", "prte": "F6", "type": null, "msdd": null, "sri": null, "adiff": null, "sdd": null, "wildlife": null, "status": null, "target": null, "distanz": null, "name": null, "id": 84 }, "geometry": null },
{ "type": "Feature", "properties": { "segments": "3273,3513,3272,3511,3271", "start": "Bärngschwendt", "stop": "Eisenberg", "diff": null, "lit": null, "route": null, "pvol": "BayerischeAlpen", "prte": "F6v", "type": null, "msdd": null, "sri": null, "adiff": null, "sdd": null, "wildlife": null, "status": null, "target": null, "distanz": null, "name": null, "id": 85 }, "geometry": null },
{ "type": "Feature", "properties": { "segments": "3341,3340,3295,3292,3293,3294,3296", "start": "Urschlau", "stop": "Haaralmschneid", "diff": null, "lit": null, "route": null, "pvol": "BayerischeAlpen", "prte": "F5", "type": null, "msdd": null, "sri": null, "adiff": null, "sdd": null, "wildlife": null, "status": null, "target": null, "distanz": null, "name": null, "id": 86 }, "geometry": null },
{ "type": "Feature", "properties": { "segments": "3300", "start": "Förchensee", "stop": "Hörndlwand", "diff": null, "lit": null, "route": null, "pvol": null, "prte": null, "type": null, "msdd": null, "sri": null, "adiff": null, "sdd": null, "wildlife": null, "status": null, "target": null, "distanz": null, "name": null, "id": 87 }, "geometry": null },
{ "type": "Feature", "properties": { "segments": "2511,3657,3825,3824", "start": "Seegatterl", "stop": "Fellhorn", "diff": null, "lit": null, "route": null, "pvol": null, "prte": null, "type": null, "msdd": null, "sri": null, "adiff": null, "sdd": null, "wildlife": null, "status": null, "target": null, "distanz": null, "name": null, "id": 88 }, "geometry": null },
{ "type": "Feature", "properties": { "segments": "1029", "start": "Balderschwang Schwabenhof", "stop": "Riedberger Horn", "diff": null, "lit": null, "route": null, "pvol": "Allgaeu", "prte": "K2.2", "type": null, "msdd": null, "sri": null, "adiff": null, "sdd": null, "wildlife": null, "status": null, "target": null, "distanz": null, "name": null, "id": 89 }, "geometry": null },
{ "type": "Feature", "properties": { "segments": "1126,1140,1190,1224,1236,1295,4297,1296", "start": "Balderschwang", "stop": "Heidenkopf", "diff": null, "lit": null, "route": null, "pvol": "Allgaeu", "prte": "K4", "type": null, "msdd": null, "sri": null, "adiff": null, "sdd": null, "wildlife": null, "status": null, "target": null, "distanz": null, "name": null, "id": 90 }, "geometry": null },
{ "type": "Feature", "properties": { "segments": "1748,7332", "start": "Oberjoch", "stop": "Ornach", "diff": null, "lit": null, "route": null, "pvol": "Allgaeu", "prte": "J3", "type": null, "msdd": null, "sri": null, "adiff": null, "sdd": null, "wildlife": null, "status": null, "target": null, "distanz": null, "name": null, "id": 91 }, "geometry": null },
{ "type": "Feature", "properties": { "segments": "7333,1880,1802,1773,3593,1782,1784", "start": "Obergschwend", "stop": "Spieser", "diff": null, "lit": null, "route": null, "pvol": "Allgaeu", "prte": "J4.2", "type": null, "msdd": null, "sri": null, "adiff": null, "sdd": null, "wildlife": null, "status": null, "target": null, "distanz": null, "name": null, "id": 92 }, "geometry": null },
{ "type": "Feature", "properties": { "segments": "1958,3591,3592,1970,2009", "start": "Obergschwend", "stop": "Wertacher Hörnle", "diff": null, "lit": null, "route": null, "pvol": "Allgaeu", "prte": "J2", "type": null, "msdd": null, "sri": null, "adiff": null, "sdd": null, "wildlife": null, "status": null, "target": null, "distanz": null, "name": null, "id": 93 }, "geometry": null },
{ "type": "Feature", "properties": { "segments": "1654,1496,1472", "start": "Oberjoch", "stop": "Iseler", "diff": null, "lit": null, "route": null, "pvol": "Allgaeu", "prte": "I1.2", "type": null, "msdd": null, "sri": null, "adiff": null, "sdd": null, "wildlife": null, "status": null, "target": null, "distanz": null, "name": null, "id": 94 }, "geometry": null },
{ "type": "Feature", "properties": { "segments": "1626,1600,1497,1516,7199,1527", "start": "Schattwald", "stop": "Kühgundkopf", "diff": null, "lit": null, "route": "durchs Stuibental", "pvol": "Allgaeu", "prte": "I1.1", "type": null, "msdd": null, "sri": null, "adiff": null, "sdd": null, "wildlife": null, "status": null, "target": null, "distanz": null, "name": null, "id": 95 }, "geometry": null },
{ "type": "Feature", "properties": { "segments": "1626,1601,3682,1387,1285,1287", "start": "Schattwald", "stop": "Ponten", "diff": null, "lit": null, "route": null, "pvol": "Allgaeu", "prte": "I3", "type": null, "msdd": null, "sri": null, "adiff": null, "sdd": null, "wildlife": null, "status": null, "target": null, "distanz": null, "name": null, "id": 96 }, "geometry": null },
{ "type": "Feature", "properties": { "segments": "1540,1399,1270", "start": "Zöblen", "stop": "Zirleseck", "diff": null, "lit": null, "route": null, "pvol": "Allgaeu", "prte": "I4", "type": null, "msdd": null, "sri": null, "adiff": null, "sdd": null, "wildlife": null, "status": null, "target": null, "distanz": null, "name": null, "id": 97 }, "geometry": null },
{ "type": "Feature", "properties": { "segments": "1894,1940,3892,3891,1941,1968,1972", "start": "Fallmühle", "stop": "Breitenberg", "diff": null, "lit": null, "route": null, "pvol": null, "prte": null, "type": null, "msdd": null, "sri": null, "adiff": null, "sdd": null, "wildlife": null, "status": null, "target": null, "distanz": null, "name": null, "id": 98 }, "geometry": null },
{ "type": "Feature", "properties": { "segments": "4119,3693", "start": "Pfronten-Steinach", "stop": "Tiroler Stadl", "diff": null, "lit": null, "route": null, "pvol": null, "prte": null, "type": null, "msdd": null, "sri": null, "adiff": null, "sdd": null, "wildlife": null, "status": null, "target": null, "distanz": null, "name": null, "id": 99 }, "geometry": null },
{ "type": "Feature", "properties": { "segments": "3105,4121", "start": "Pfronten-Steinach", "stop": "Berghaus Allgäu", "diff": null, "lit": null, "route": null, "pvol": null, "prte": null, "type": null, "msdd": null, "sri": null, "adiff": null, "sdd": null, "wildlife": null, "status": null, "target": null, "distanz": null, "name": null, "id": 100 }, "geometry": null },
{ "type": "Feature", "properties": { "segments": "1805,1747,7236", "start": "Vils", "stop": "Hundsarschjoch", "diff": null, "lit": null, "route": null, "pvol": null, "prte": null, "type": null, "msdd": null, "sri": null, "adiff": null, "sdd": null, "wildlife": null, "status": null, "target": null, "distanz": null, "name": null, "id": 101 }, "geometry": null },
{ "type": "Feature", "properties": { "segments": "1805,1746,1726,1709", "start": "Vils", "stop": "Luskopf", "diff": null, "lit": null, "route": null, "pvol": null, "prte": null, "type": null, "msdd": null, "sri": null, "adiff": null, "sdd": null, "wildlife": null, "status": null, "target": null, "distanz": null, "name": null, "id": 102 }, "geometry": null },
{ "type": "Feature", "properties": { "segments": "3673,3669,1778,1767,1774,3666,1771,1810", "start": "Vils", "stop": "Brentenjoch", "diff": null, "lit": null, "route": null, "pvol": null, "prte": null, "type": null, "msdd": null, "sri": null, "adiff": null, "sdd": null, "wildlife": null, "status": null, "target": null, "distanz": null, "name": null, "id": 103 }, "geometry": null },
{ "type": "Feature", "properties": { "segments": "3038,3970,3971,3973,3046,2227,2228,3980,2075", "start": "Schwangau", "stop": "Branderschrofen", "diff": null, "lit": null, "route": null, "pvol": null, "prte": null, "type": null, "msdd": null, "sri": null, "adiff": null, "sdd": null, "wildlife": null, "status": null, "target": null, "distanz": null, "name": null, "id": 104 }, "geometry": null },
{ "type": "Feature", "properties": { "segments": "2020,1845,1844,1815,1717,1729,1750", "start": "Hohenschwangau", "stop": "Jochberg", "diff": null, "lit": null, "route": null, "pvol": null, "prte": null, "type": null, "msdd": null, "sri": null, "adiff": null, "sdd": null, "wildlife": null, "status": null, "target": null, "distanz": null, "name": null, "id": 105 }, "geometry": null },
{ "type": "Feature", "properties": { "segments": "2020,1845,1844,1819,1792,1749,1718", "start": "Hohenschwangau", "stop": "Ochsenälpeleskopf", "diff": null, "lit": null, "route": null, "pvol": null, "prte": null, "type": null, "msdd": null, "sri": null, "adiff": null, "sdd": null, "wildlife": null, "status": null, "target": null, "distanz": null, "name": null, "id": 106 }, "geometry": null },
{ "type": "Feature", "properties": { "segments": "2020,1845,1844,1819,1836,1881,1905,1910,1980", "start": "Hohenschwangau", "stop": "Krähe", "diff": null, "lit": null, "route": null, "pvol": null, "prte": null, "type": null, "msdd": null, "sri": null, "adiff": null, "sdd": null, "wildlife": null, "status": null, "target": null, "distanz": null, "name": null, "id": 107 }, "geometry": null },
{ "type": "Feature", "properties": { "segments": "2020,1845,1844,1819,1836,1881,1905,1910,1946,7238", "start": "Hohenschwangau", "stop": "Roggentalsattel", "diff": null, "lit": null, "route": null, "pvol": null, "prte": null, "type": null, "msdd": null, "sri": null, "adiff": null, "sdd": null, "wildlife": null, "status": null, "target": null, "distanz": null, "name": null, "id": 108 }, "geometry": null },
{ "type": "Feature", "properties": { "segments": "3948,3391,2185,4036,2062,2011", "start": "Halblech", "stop": "Hochplatte", "diff": null, "lit": null, "route": null, "pvol": null, "prte": null, "type": null, "msdd": null, "sri": null, "adiff": null, "sdd": null, "wildlife": null, "status": null, "target": null, "distanz": null, "name": null, "id": 109 }, "geometry": null },
{ "type": "Feature", "properties": { "segments": "2101,2100,2121,2090,3557,2041,2021", "start": "Graswangtal - Parkplatz Sägertal", "stop": "Scheinbergspitze", "diff": null, "lit": null, "route": null, "pvol": "Karwendel", "prte": "H13", "type": null, "msdd": null, "sri": null, "adiff": null, "sdd": null, "wildlife": null, "status": null, "target": null, "distanz": null, "name": null, "id": 110 }, "geometry": null },
{ "type": "Feature", "properties": { "segments": "1831,1911,1937", "start": "Ammersattel", "stop": "Weitalpspitz", "diff": null, "lit": null, "route": null, "pvol": null, "prte": null, "type": null, "msdd": null, "sri": null, "adiff": null, "sdd": null, "wildlife": null, "status": null, "target": null, "distanz": null, "name": null, "id": 111 }, "geometry": null },
{ "type": "Feature", "properties": { "segments": "1865,1722", "start": "Neualmgries", "stop": "Kreuzspitze", "diff": null, "lit": null, "route": null, "pvol": "Karwendel", "prte": "H15", "type": null, "msdd": null, "sri": null, "adiff": null, "sdd": null, "wildlife": null, "status": null, "target": null, "distanz": null, "name": null, "id": 112 }, "geometry": null },
{ "type": "Feature", "properties": { "segments": "2771,3390,2774,2170,2190,3573,3574,3731,4267,2172,2214", "start": "Unterammergau", "stop": "Teufelstättkopf", "diff": null, "lit": null, "route": null, "pvol": "KWR", "prte": "HH6", "type": null, "msdd": null, "sri": null, "adiff": null, "sdd": null, "wildlife": null, "status": null, "target": null, "distanz": null, "name": null, "id": 113 }, "geometry": null },
{ "type": "Feature", "properties": { "segments": "2582,3565,2762,2766,2875", "start": "Bad Kohlgrub Wiesenmahdweg", "stop": "Vorderes Hörnle", "diff": null, "lit": null, "route": null, "pvol": null, "prte": null, "type": null, "msdd": null, "sri": null, "adiff": null, "sdd": null, "wildlife": null, "status": null, "target": null, "distanz": null, "name": null, "id": 114 }, "geometry": null },
{ "type": "Feature", "properties": { "segments": "2181,3564,2770,2767", "start": "Unterammergau", "stop": "Mittleres Hörnle", "diff": null, "lit": null, "route": null, "pvol": null, "prte": null, "type": null, "msdd": null, "sri": null, "adiff": null, "sdd": null, "wildlife": null, "status": null, "target": null, "distanz": null, "name": null, "id": 115 }, "geometry": null },
{ "type": "Feature", "properties": { "segments": "2181,3564,2770,2205,3563,2204", "start": "Unterammergau", "stop": "Hinteres Hörnle", "diff": null, "lit": null, "route": null, "pvol": "Karwendel", "prte": "H4", "type": null, "msdd": null, "sri": null, "adiff": null, "sdd": null, "wildlife": null, "status": null, "target": null, "distanz": null, "name": null, "id": 116 }, "geometry": null },
{ "type": "Feature", "properties": { "segments": "3578,3725,3576,3402,2174,4099,3579", "start": "Oberammergau", "stop": "Zahn", "diff": null, "lit": null, "route": null, "pvol": "K-W-R", "prte": "H7", "type": null, "msdd": null, "sri": null, "adiff": null, "sdd": null, "wildlife": null, "status": null, "target": null, "distanz": null, "name": null, "id": 117 }, "geometry": null },
{ "type": "Feature", "properties": { "segments": "2771,3390,2774,2169,2168", "start": "Unterammergau", "stop": "Pürschlinghaus", "diff": null, "lit": null, "route": null, "pvol": null, "prte": null, "type": null, "msdd": null, "sri": null, "adiff": null, "sdd": null, "wildlife": null, "status": null, "target": null, "distanz": null, "name": null, "id": 118 }, "geometry": null },
{ "type": "Feature", "properties": { "segments": "2175,3401,2583", "start": "Oberammergau", "stop": "Großer Aufacker", "diff": null, "lit": null, "route": null, "pvol": "Karwendel", "prte": "H8", "type": null, "msdd": null, "sri": null, "adiff": null, "sdd": null, "wildlife": null, "status": null, "target": null, "distanz": null, "name": null, "id": 119 }, "geometry": null },
{ "type": "Feature", "properties": { "segments": "1458,1403,1520,1657,1634,1599,3959,1466", "start": "Garmisch-Partenkirchen", "stop": "Wank", "diff": null, "lit": null, "route": null, "pvol": "KWR", "prte": "I1", "type": null, "msdd": null, "sri": null, "adiff": null, "sdd": null, "wildlife": null, "status": null, "target": null, "distanz": null, "name": null, "id": 120 }, "geometry": null },
{ "type": "Feature", "properties": { "segments": "1458,1403,1520,1657,1634,3536,3537,1732,1754", "start": "Garmisch-Partenkirchen", "stop": "Hoher Fricken", "diff": null, "lit": null, "route": null, "pvol": "KWR", "prte": "I2", "type": null, "msdd": null, "sri": null, "adiff": null, "sdd": null, "wildlife": null, "status": null, "target": null, "distanz": null, "name": null, "id": 121 }, "geometry": null },
{ "type": "Feature", "properties": { "segments": "1163,3531,986", "start": "Garmisch-Partenkirchen", "stop": "Eckbauer", "diff": null, "lit": null, "route": null, "pvol": null, "prte": null, "type": null, "msdd": null, "sri": null, "adiff": null, "sdd": null, "wildlife": null, "status": null, "target": null, "distanz": null, "name": null, "id": 122 }, "geometry": null },
{ "type": "Feature", "properties": { "segments": "1239,1185,959,3530", "start": "Garmisch-Partenkirchen", "stop": "Kreuzeck", "diff": null, "lit": null, "route": null, "pvol": null, "prte": null, "type": null, "msdd": null, "sri": null, "adiff": null, "sdd": null, "wildlife": null, "status": null, "target": null, "distanz": null, "name": null, "id": 123 }, "geometry": null },
{ "type": "Feature", "properties": { "segments": "1185,959,867,815", "start": "Garmisch-Partenkirchen", "stop": "Längenfelderkopf", "diff": null, "lit": null, "route": null, "pvol": null, "prte": null, "type": null, "msdd": null, "sri": null, "adiff": null, "sdd": null, "wildlife": null, "status": null, "target": null, "distanz": null, "name": null, "id": 124 }, "geometry": null },
{ "type": "Feature", "properties": { "segments": "1239,1185,959,867,816,772,3964,3529,758", "start": "Garmisch-Partenkirchen", "stop": "Osterfelderkopf", "diff": null, "lit": null, "route": null, "pvol": null, "prte": null, "type": null, "msdd": null, "sri": null, "adiff": null, "sdd": null, "wildlife": null, "status": null, "target": null, "distanz": null, "name": null, "id": 125 }, "geometry": null },
{ "type": "Feature", "properties": { "segments": "730,721,671,673,672", "start": "Bernadeinlift", "stop": "Stuibenkopf", "diff": null, "lit": null, "route": null, "pvol": null, "prte": null, "type": null, "msdd": null, "sri": null, "adiff": null, "sdd": null, "wildlife": null, "status": null, "target": null, "distanz": null, "name": null, "id": 126 }, "geometry": null },
{ "type": "Feature", "properties": { "segments": "730,715,713,705,707", "start": "Bernadeinlift", "stop": "Bernadeinkopf", "diff": null, "lit": null, "route": null, "pvol": null, "prte": null, "type": null, "msdd": null, "sri": null, "adiff": null, "sdd": null, "wildlife": null, "status": null, "target": null, "distanz": null, "name": null, "id": 127 }, "geometry": null },
{ "type": "Feature", "properties": { "segments": "730,715,713,705,699,693", "start": "Bernadeinlift", "stop": "Alpspitze", "diff": null, "lit": null, "route": "Ostflanke", "pvol": null, "prte": null, "type": 0, "msdd": null, "sri": null, "adiff": null, "sdd": null, "wildlife": null, "status": null, "target": null, "distanz": null, "name": null, "id": 128 }, "geometry": null },
{ "type": "Feature", "properties": { "segments": "730,715,696,3905,3555,663", "start": "Bernadeinlift", "stop": "Grieskarscharte", "diff": null, "lit": null, "route": null, "pvol": null, "prte": null, "type": null, "msdd": null, "sri": null, "adiff": null, "sdd": null, "wildlife": null, "status": null, "target": null, "distanz": null, "name": null, "id": 129 }, "geometry": null },
{ "type": "Feature", "properties": { "segments": "621,3553,3550,3551,3549", "start": "Reindlau", "stop": "Leutascher Dreitorspitze", "diff": null, "lit": null, "route": null, "pvol": null, "prte": null, "type": null, "msdd": null, "sri": null, "adiff": null, "sdd": null, "wildlife": null, "status": null, "target": null, "distanz": null, "name": null, "id": 130 }, "geometry": null },
{ "type": "Feature", "properties": { "segments": "854,855", "start": "Mittenwald", "stop": "Hoher Kranzberg", "diff": null, "lit": null, "route": null, "pvol": null, "prte": null, "type": null, "msdd": null, "sri": null, "adiff": null, "sdd": null, "wildlife": null, "status": null, "target": null, "distanz": null, "name": null, "id": 131 }, "geometry": null },
{ "type": "Feature", "properties": { "segments": "1063,1139,1171,1168,1151", "start": "Mittenwald Seinsalm", "stop": "Feldernkopf", "diff": null, "lit": null, "route": null, "pvol": "Karwendel", "prte": "D3", "type": null, "msdd": null, "sri": null, "adiff": null, "sdd": null, "wildlife": null, "status": null, "target": null, "distanz": null, "name": null, "id": 132 }, "geometry": null },
{ "type": "Feature", "properties": { "segments": "1063,4124,1064,1065,1093", "start": "Mittenwald Seinsalm", "stop": "Reißende Lahnspitz", "diff": null, "lit": null, "route": null, "pvol": null, "prte": null, "type": null, "msdd": null, "sri": null, "adiff": null, "sdd": null, "wildlife": null, "status": null, "target": null, "distanz": null, "name": null, "id": 133 }, "geometry": null },
{ "type": "Feature", "properties": { "segments": "1063,4124,1064,1065,994,1084,1119", "start": "Mittenwald Seinsalm", "stop": "Soiernspitze", "diff": null, "lit": null, "route": null, "pvol": null, "prte": null, "type": null, "msdd": null, "sri": null, "adiff": null, "sdd": null, "wildlife": null, "status": null, "target": null, "distanz": null, "name": null, "id": 134 }, "geometry": null },
{ "type": "Feature", "properties": { "segments": "1534,1517,1291,3906", "start": "Krün", "stop": "Schöttelkarspitze", "diff": null, "lit": null, "route": null, "pvol": "Karwendel", "prte": "D1", "type": null, "msdd": null, "sri": null, "adiff": null, "sdd": null, "wildlife": null, "status": null, "target": null, "distanz": null, "name": null, "id": 135 }, "geometry": null },
{ "type": "Feature", "properties": { "segments": "2083,2082,2112", "start": "Einsiedl", "stop": "Simetsberg", "diff": null, "lit": null, "route": null, "pvol": "KWR", "prte": "I6", "type": null, "msdd": null, "sri": null, "adiff": null, "sdd": null, "wildlife": null, "status": null, "target": null, "distanz": null, "name": null, "id": 136 }, "geometry": null },
{ "type": "Feature", "properties": { "segments": "2232,2231,2194", "start": "Urfeld", "stop": "Fahrenbergkopf", "diff": null, "lit": null, "route": null, "pvol": "KWR", "prte": "I7", "type": null, "msdd": null, "sri": null, "adiff": null, "sdd": null, "wildlife": null, "status": null, "target": null, "distanz": null, "name": null, "id": 137 }, "geometry": null },
{ "type": "Feature", "properties": { "segments": "2874,2207,2208,2209,2210,2195", "start": "Schlehdorf", "stop": "Heimgarten", "diff": null, "lit": null, "route": null, "pvol": "KWR", "prte": "I8", "type": null, "msdd": null, "sri": null, "adiff": null, "sdd": null, "wildlife": null, "status": null, "target": null, "distanz": null, "name": null, "id": 138 }, "geometry": null },
{ "type": "Feature", "properties": { "segments": "3885,2196,2217,4031,4032,2197,2198,2195", "start": "Ohlstadt", "stop": "Heimgarten", "diff": null, "lit": null, "route": null, "pvol": "KWR", "prte": "I9", "type": null, "msdd": null, "sri": null, "adiff": null, "sdd": null, "wildlife": null, "status": null, "target": null, "distanz": null, "name": null, "id": 139 }, "geometry": null },
{ "type": "Feature", "properties": { "segments": "3720,3719,2178,2176", "start": "Oberammergau", "stop": "Ettaler Manndl", "diff": null, "lit": null, "route": null, "pvol": null, "prte": null, "type": null, "msdd": null, "sri": null, "adiff": null, "sdd": null, "wildlife": null, "status": null, "target": null, "distanz": null, "name": null, "id": 140 }, "geometry": null },
{ "type": "Feature", "properties": { "segments": "3720,3719,2178,3562,2776,2179,2777", "start": "Oberammergau", "stop": "Laber", "diff": null, "lit": null, "route": "Normalroute über Soilesee", "pvol": null, "prte": null, "type": null, "msdd": null, "sri": null, "adiff": null, "sdd": null, "wildlife": null, "status": null, "target": null, "distanz": null, "name": null, "id": 141 }, "geometry": null },
{ "type": "Feature", "properties": { "segments": "3720,3722,3723", "start": "Oberammergau", "stop": "Laber", "diff": null, "lit": null, "route": "Nordrinne", "pvol": null, "prte": null, "type": null, "msdd": null, "sri": null, "adiff": null, "sdd": null, "wildlife": null, "status": null, "target": null, "distanz": null, "name": null, "id": 142 }, "geometry": null },
{ "type": "Feature", "properties": { "segments": "3948,3391,2130,2086,2063,1982", "start": "Halblech", "stop": "Krähe", "diff": null, "lit": null, "route": null, "pvol": null, "prte": null, "type": null, "msdd": null, "sri": null, "adiff": null, "sdd": null, "wildlife": null, "status": null, "target": null, "distanz": null, "name": null, "id": 143 }, "geometry": null },
{ "type": "Feature", "properties": { "segments": "2191,2192,3969,2193", "start": "Unternogg", "stop": "Hohe Bleick", "diff": null, "lit": null, "route": null, "pvol": null, "prte": null, "type": null, "msdd": null, "sri": null, "adiff": null, "sdd": null, "wildlife": null, "status": null, "target": null, "distanz": null, "name": null, "id": 144 }, "geometry": null },
{ "type": "Feature", "properties": { "segments": "2602,2757,3375,3376,3377,2603,3374", "start": "Bad Tölz Stallau", "stop": "Zwieselberg", "diff": null, "lit": null, "route": null, "pvol": null, "prte": null, "type": null, "msdd": null, "sri": null, "adiff": null, "sdd": null, "wildlife": null, "status": null, "target": null, "distanz": null, "name": null, "id": 145 }, "geometry": null },
{ "type": "Feature", "properties": { "segments": "2761,2760,2239,3374", "start": "Bad Tölz Waldherralm", "stop": "Zwieselkopf", "diff": null, "lit": null, "route": "Ostroute", "pvol": null, "prte": null, "type": null, "msdd": null, "sri": null, "adiff": null, "sdd": null, "wildlife": null, "status": null, "target": null, "distanz": null, "name": null, "id": 147 }, "geometry": null },
{ "type": "Feature", "properties": { "segments": "2761,2233", "start": "Bad Tölz Waldherralm", "stop": "Zwieselberg", "diff": null, "lit": null, "route": "Südostroute", "pvol": null, "prte": null, "type": null, "msdd": null, "sri": null, "adiff": null, "sdd": null, "wildlife": null, "status": null, "target": null, "distanz": null, "name": null, "id": 148 }, "geometry": null },
{ "type": "Feature", "properties": { "segments": "1182,1166,3605,3604,1147,1148,1122,1109,1036,1027", "start": "Hinang", "stop": "Sonnenkopf", "diff": null, "lit": null, "route": null, "pvol": "Allgaeu", "prte": "J5", "type": null, "msdd": null, "sri": null, "adiff": null, "sdd": null, "wildlife": null, "status": null, "target": null, "distanz": null, "name": null, "id": 149 }, "geometry": null },
{ "type": "Feature", "properties": { "segments": "3674,897,892,864,883,894,934", "start": "Bad Hindelang", "stop": "Schnippenkopf", "diff": null, "lit": null, "route": null, "pvol": null, "prte": null, "type": null, "msdd": null, "sri": null, "adiff": null, "sdd": null, "wildlife": null, "status": null, "target": null, "distanz": null, "name": null, "id": 150 }, "geometry": null },
{ "type": "Feature", "properties": { "segments": "3674,897,889,791,826,812,809,808", "start": "Bad Hindelang", "stop": "Entschenkopf", "diff": null, "lit": null, "route": null, "pvol": "Allgaeeu", "prte": "H6", "type": null, "msdd": null, "sri": null, "adiff": null, "sdd": null, "wildlife": null, "status": null, "target": null, "distanz": null, "name": null, "id": 151 }, "geometry": null },
{ "type": "Feature", "properties": { "segments": "689,690,684,655,641,3597,611,610", "start": "Giebelhaus", "stop": "Kleiner Seekopf", "diff": null, "lit": null, "route": null, "pvol": "Allgaeu", "prte": "G3", "type": null, "msdd": null, "sri": null, "adiff": null, "sdd": null, "wildlife": null, "status": null, "target": null, "distanz": null, "name": null, "id": 152 }, "geometry": null },
{ "type": "Feature", "properties": { "segments": "3660,3662,3145,3661,3147,2099", "start": "Kranzegg", "stop": "Grünten", "diff": null, "lit": null, "route": null, "pvol": "Allgaeu", "prte": "J9", "type": null, "msdd": null, "sri": null, "adiff": null, "sdd": null, "wildlife": null, "status": null, "target": null, "distanz": null, "name": null, "id": 153 }, "geometry": null },
{ "type": "Feature", "properties": { "segments": "2730,2732,2729,2585,2735,2736,2587,2586", "start": "Rottach-Egern", "stop": "Wallberg", "diff": null, "lit": null, "route": null, "pvol": "BayerischeAlpen", "prte": "A9", "type": null, "msdd": null, "sri": null, "adiff": null, "sdd": null, "wildlife": null, "status": null, "target": null, "distanz": null, "name": null, "id": 154 }, "geometry": null },
{ "type": "Feature", "properties": { "segments": "2723,2724,2328,2334,2725,3517,3519,2726,2335", "start": "Kisten-Winterstube", "stop": "Setzberg", "diff": null, "lit": null, "route": null, "pvol": "BayerischeAlpen", "prte": "A11", "type": null, "msdd": null, "sri": null, "adiff": null, "sdd": null, "wildlife": null, "status": null, "target": null, "distanz": null, "name": null, "id": 155 }, "geometry": null },
{ "type": "Feature", "properties": { "segments": "2723,2724,2328,2334,2725,3520,2332,2333,2727,2587,2586", "start": "Kisten-Winterstube", "stop": "Wallberg", "diff": null, "lit": null, "route": null, "pvol": "BayerischeAlpen", "prte": null, "type": null, "msdd": null, "sri": null, "adiff": null, "sdd": null, "wildlife": null, "status": null, "target": null, "distanz": null, "name": null, "id": 156 }, "geometry": null },
{ "type": "Feature", "properties": { "segments": "2723,2331,2330", "start": "Kisten-Winterstube", "stop": "Blankensteinsattel", "diff": null, "lit": null, "route": "über Riederecksattel", "pvol": "BayerischeAlpen", "prte": null, "type": null, "msdd": null, "sri": null, "adiff": null, "sdd": null, "wildlife": null, "status": null, "target": null, "distanz": null, "name": null, "id": 157 }, "geometry": null },
{ "type": "Feature", "properties": { "segments": "2723,2724,2328,3521,3522", "start": "Kisten-Winterstube", "stop": "Blankensteinsattel", "diff": null, "lit": null, "route": "über Röthensteinalm", "pvol": "BayerischeAlpen", "prte": null, "type": null, "msdd": null, "sri": null, "adiff": null, "sdd": null, "wildlife": null, "status": null, "target": null, "distanz": null, "name": null, "id": 158 }, "geometry": null },
{ "type": "Feature", "properties": { "segments": "3422,7315", "start": "Kisten-Winterstube", "stop": "Bodenschneid", "diff": null, "lit": null, "route": null, "pvol": "BayerischeAlpen", "prte": "A14", "type": null, "msdd": null, "sri": null, "adiff": null, "sdd": null, "wildlife": null, "status": null, "target": null, "distanz": null, "name": null, "id": 159 }, "geometry": null },
{ "type": "Feature", "properties": { "segments": "3336", "start": "Kisten-Winterstube", "stop": "Roßkopf", "diff": null, "lit": null, "route": null, "pvol": null, "prte": null, "type": null, "msdd": null, "sri": null, "adiff": null, "sdd": null, "wildlife": null, "status": null, "target": null, "distanz": null, "name": null, "id": 160 }, "geometry": null },
{ "type": "Feature", "properties": { "segments": "3430,2354,2346,2348,2704,2378,2266", "start": "Neuhaus-Dürrnbach", "stop": "Brecherspitz", "diff": null, "lit": null, "route": null, "pvol": null, "prte": null, "type": null, "msdd": null, "sri": null, "adiff": null, "sdd": null, "wildlife": null, "status": null, "target": null, "distanz": null, "name": null, "id": 161 }, "geometry": null },
{ "type": "Feature", "properties": { "segments": "2267,3545,2271,2266", "start": "Neuhaus-Furt", "stop": "Brecherspitz", "diff": null, "lit": null, "route": "Nordhang", "pvol": null, "prte": null, "type": null, "msdd": null, "sri": null, "adiff": null, "sdd": null, "wildlife": null, "status": null, "target": null, "distanz": null, "name": null, "id": 162 }, "geometry": null },
{ "type": "Feature", "properties": { "segments": "2267,3545,2269,2268", "start": "Neuhaus-Furt", "stop": "Brecherspitz", "diff": null, "lit": null, "route": "Nordostgrat", "pvol": null, "prte": null, "type": null, "msdd": null, "sri": null, "adiff": null, "sdd": null, "wildlife": null, "status": null, "target": null, "distanz": null, "name": null, "id": 163 }, "geometry": null },
{ "type": "Feature", "properties": { "segments": "2710,4200,3417,4262,2706,2705", "start": "2710,4200,3417,2706,2705", "stop": "Roßkopf", "diff": null, "lit": null, "route": null, "pvol": "BayerischeAlpen", "prte": "B6b", "type": null, "msdd": null, "sri": null, "adiff": null, "sdd": null, "wildlife": null, "status": null, "target": null, "distanz": null, "name": null, "id": 164 }, "geometry": null },
{ "type": "Feature", "properties": { "segments": "2710,4200,3425,2293", "start": "Spitzingsee", "stop": "Stolzenberg", "diff": null, "lit": null, "route": null, "pvol": "BayerischAlpen", "prte": "B7", "type": null, "msdd": null, "sri": null, "adiff": null, "sdd": null, "wildlife": null, "status": null, "target": null, "distanz": null, "name": null, "id": 165 }, "geometry": null },
{ "type": "Feature", "properties": { "segments": "2710,3427,2393,3426,2376,2712,2374,7345,2283", "start": "Spitzingsee", "stop": "Rotwand", "diff": null, "lit": null, "route": "über Wildfeldalm", "pvol": "BayerischeAlpen", "prte": "B9a", "type": null, "msdd": null, "sri": null, "adiff": null, "sdd": null, "wildlife": null, "status": null, "target": null, "distanz": null, "name": null, "id": 166 }, "geometry": null },
{ "type": "Feature", "properties": { "segments": "2710,3427,2393,2711,2279,7342,7308,2276,2277,2283", "start": "Spitzingsee", "stop": "Rotwand", "diff": null, "lit": null, "route": "über Lämpersberg", "pvol": "BayerischeAlpen", "prte": "B9b", "type": null, "msdd": null, "sri": null, "adiff": null, "sdd": null, "wildlife": null, "status": null, "target": null, "distanz": null, "name": null, "id": 167 }, "geometry": null },
{ "type": "Feature", "properties": { "segments": "2926,3421,2928,2394,3419,2718,2719,3369", "start": "Spitzingsee", "stop": "Taubenstein", "diff": null, "lit": null, "route": null, "pvol": "BayerischeAlpen", "prte": "B9", "type": null, "msdd": null, "sri": null, "adiff": null, "sdd": null, "wildlife": null, "status": null, "target": null, "distanz": null, "name": null, "id": 168 }, "geometry": null },
{ "type": "Feature", "properties": { "segments": "2926,3421,2928,2394,2391,2716,2241,7312,2240,2722", "start": "Spitzingsee", "stop": "Jägerkamp", "diff": null, "lit": null, "route": null, "pvol": "BayerischeAlpen", "prte": "B8", "type": null, "msdd": null, "sri": null, "adiff": null, "sdd": null, "wildlife": null, "status": null, "target": null, "distanz": null, "name": null, "id": 169 }, "geometry": null },
{ "type": "Feature", "properties": { "segments": "2303,2722", "start": "Aurach", "stop": "Jägerkamp", "diff": null, "lit": null, "route": null, "pvol": "BayerischeAlpen", "prte": "B12", "type": null, "msdd": null, "sri": null, "adiff": null, "sdd": null, "wildlife": null, "status": null, "target": null, "distanz": null, "name": null, "id": 170 }, "geometry": null },
{ "type": "Feature", "properties": { "segments": "2926,3421,2928,2394,3419,2401,2939,2715,2400", "start": "Spitzingsee", "stop": "Rauhkopf", "diff": null, "lit": null, "route": null, "pvol": "BayerischeAlpen", "prte": "B10", "type": null, "msdd": null, "sri": null, "adiff": null, "sdd": null, "wildlife": null, "status": null, "target": null, "distanz": null, "name": null, "id": 171 }, "geometry": null },
{ "type": "Feature", "properties": { "segments": "2926,3421,2928,2394,3419,2401,2939,2715,2610,2245", "start": "Spitzingsee", "stop": "Tanzeck", "diff": null, "lit": null, "route": null, "pvol": "BayerischeAlpen", "prte": "B10v", "type": null, "msdd": null, "sri": null, "adiff": null, "sdd": null, "wildlife": null, "status": null, "target": null, "distanz": null, "name": null, "id": 172 }, "geometry": null },
{ "type": "Feature", "properties": { "segments": "3403,3407,3408,7305,7306,3412,3409,2246", "start": "Geitau", "stop": "Tanzeck", "diff": null, "lit": null, "route": null, "pvol": "BayerischeAlpen", "prte": "B14v", "type": null, "msdd": null, "sri": null, "adiff": null, "sdd": null, "wildlife": null, "status": null, "target": null, "distanz": null, "name": null, "id": 173 }, "geometry": null },
{ "type": "Feature", "properties": { "segments": "3403,3407,3408,7305,7306,3412,3409,2273,2274", "start": "Geitau", "stop": "Aiplspitz", "diff": null, "lit": null, "route": null, "pvol": "BayerischeAlpen", "prte": "B14", "type": null, "msdd": null, "sri": null, "adiff": null, "sdd": null, "wildlife": null, "status": null, "target": null, "distanz": null, "name": null, "id": 174 }, "geometry": null },
{ "type": "Feature", "properties": { "segments": "3403,3407,3408,7305,7306,3412,3410,2609,3368,3369", "start": "Geitau", "stop": "Taubenstein", "diff": null, "lit": null, "route": "durchs Krottental", "pvol": "BayerischeAlpen", "prte": null, "type": null, "msdd": null, "sri": null, "adiff": null, "sdd": null, "wildlife": null, "status": null, "target": null, "distanz": null, "name": null, "id": 175 }, "geometry": null },
{ "type": "Feature", "properties": { "segments": "3403,3407,3415,2281,3739,2287,2289,3370", "start": "Geitau", "stop": "Hochmiesing", "diff": null, "lit": null, "route": "über den Soinsee", "pvol": "BayerischeAlpen", "prte": "B15", "type": null, "msdd": null, "sri": null, "adiff": null, "sdd": null, "wildlife": null, "status": null, "target": null, "distanz": null, "name": null, "id": 176 }, "geometry": null },
{ "type": "Feature", "properties": { "segments": "3403,3407,3408,7305,7306,3413,3414,2288,3370", "start": "Geitau", "stop": "Hochmiesing", "diff": null, "lit": null, "route": "Westrinne", "pvol": "BayerischeAlpen", "prte": "B15", "type": null, "msdd": null, "sri": null, "adiff": null, "sdd": null, "wildlife": null, "status": null, "target": null, "distanz": null, "name": null, "id": 177 }, "geometry": null },
{ "type": "Feature", "properties": { "segments": "2280,2713,3525", "start": "Beim schweren Gatter", "stop": "Auerspitz", "diff": null, "lit": null, "route": null, "pvol": "BayerischeAlpen", "prte": "B16", "type": null, "msdd": null, "sri": null, "adiff": null, "sdd": null, "wildlife": null, "status": null, "target": null, "distanz": null, "name": null, "id": 178 }, "geometry": null },
{ "type": "Feature", "properties": { "segments": "3450,3447,3449,3337,2697,2384", "start": "Ursprungpass", "stop": "Trainsjoch", "diff": null, "lit": null, "route": null, "pvol": "BayerischeAlpen", "prte": "C9", "type": null, "msdd": null, "sri": null, "adiff": null, "sdd": null, "wildlife": null, "status": null, "target": null, "distanz": null, "name": null, "id": 179 }, "geometry": null },
{ "type": "Feature", "properties": { "segments": "3450,3447,3449,3337,2383", "start": "Ursprungpass", "stop": "Semmelkopf", "diff": null, "lit": null, "route": null, "pvol": "BayerischeAlpen", "prte": "C9", "type": null, "msdd": null, "sri": null, "adiff": null, "sdd": null, "wildlife": null, "status": null, "target": null, "distanz": null, "name": null, "id": 180 }, "geometry": null },
{ "type": "Feature", "properties": { "segments": "2296,2252", "start": "Ursprungpass", "stop": "GroßerTraithen", "diff": null, "lit": null, "route": null, "pvol": "", "prte": null, "type": null, "msdd": null, "sri": null, "adiff": null, "sdd": null, "wildlife": null, "status": null, "target": null, "distanz": null, "name": null, "id": 181 }, "geometry": null },
{ "type": "Feature", "properties": { "segments": "2253,2612,3548,2299,2300", "start": "Rosengasse", "stop": "Kleiner Traithen", "diff": null, "lit": null, "route": null, "pvol": "BayerischeAlpen", "prte": "C11", "type": null, "msdd": null, "sri": null, "adiff": null, "sdd": null, "wildlife": null, "status": null, "target": null, "distanz": null, "name": null, "id": 182 }, "geometry": null },
{ "type": "Feature", "properties": { "segments": "2253,2612,3548,2299,2302,3735", "start": "Rosengasse", "stop": "Großer Traithen", "diff": null, "lit": null, "route": "über Stopselzieher", "pvol": "BayerischeAlpen", "prte": "C11", "type": null, "msdd": null, "sri": null, "adiff": null, "sdd": null, "wildlife": null, "status": null, "target": null, "distanz": null, "name": null, "id": 183 }, "geometry": null },
{ "type": "Feature", "properties": { "segments": "2253,2254,2298,3734,2304,2252", "start": "Rosengasse", "stop": "Großer Traithen", "diff": null, "lit": null, "route": "Todeshang", "pvol": "BayerischeAlpen", "prte": "C11v", "type": null, "msdd": null, "sri": null, "adiff": null, "sdd": null, "wildlife": null, "status": null, "target": null, "distanz": null, "name": null, "id": 184 }, "geometry": null },
{ "type": "Feature", "properties": { "segments": "2253,2254,2251,2252", "start": "Rosengasse", "stop": "Großer Traithen", "diff": null, "lit": null, "route": "Ostgrat", "pvol": "BayerischeAlpen", "prte": "C11a", "type": null, "msdd": null, "sri": null, "adiff": null, "sdd": null, "wildlife": null, "status": null, "target": null, "distanz": null, "name": null, "id": 185 }, "geometry": null },
{ "type": "Feature", "properties": { "segments": "4029,2692,2691,2690", "start": "Waldparkplatz Tatzelwurm", "stop": "Brünnsteinschanze", "diff": null, "lit": null, "route": null, "pvol": "BayerischeAlpen", "prte": "C13", "type": null, "msdd": null, "sri": null, "adiff": null, "sdd": null, "wildlife": null, "status": null, "target": null, "distanz": null, "name": null, "id": 186 }, "geometry": null },
{ "type": "Feature", "properties": { "segments": "4029,2692,2691,2250,2249,2386,7304,3333", "start": "Waldparkplatz Tatzelwurm", "stop": "Brünnstein", "diff": null, "lit": null, "route": null, "pvol": "BayerischeAlpen", "prte": "C13", "type": null, "msdd": null, "sri": null, "adiff": null, "sdd": null, "wildlife": null, "status": null, "target": null, "distanz": null, "name": null, "id": 187 }, "geometry": null },
{ "type": "Feature", "properties": { "segments": "3439,3442,2297,2694,2385,7304,3333", "start": "Mühlau", "stop": "Brünnstein", "diff": null, "lit": null, "route": null, "pvol": null, "prte": null, "type": null, "msdd": null, "sri": null, "adiff": null, "sdd": null, "wildlife": null, "status": null, "target": null, "distanz": null, "name": null, "id": 188 }, "geometry": null },
{ "type": "Feature", "properties": { "segments": "2388,2912", "start": "Oberaudorf", "stop": "Hocheck", "diff": null, "lit": null, "route": null, "pvol": null, "prte": null, "type": null, "msdd": null, "sri": null, "adiff": null, "sdd": null, "wildlife": null, "status": null, "target": null, "distanz": null, "name": null, "id": 189 }, "geometry": null },
{ "type": "Feature", "properties": { "segments": "3454", "start": "Grafenherberg", "stop": "Vogelsang", "diff": null, "lit": null, "route": null, "pvol": "BayerischeAlpen", "prte": "C10", "type": null, "msdd": null, "sri": null, "adiff": null, "sdd": null, "wildlife": null, "status": null, "target": null, "distanz": null, "name": null, "id": 190 }, "geometry": null },
{ "type": "Feature", "properties": { "segments": "2306", "start": "Sudelfeld", "stop": "Schreckenkopf", "diff": null, "lit": null, "route": null, "pvol": "BayerischeAlpen", "prte": "C5", "type": null, "msdd": null, "sri": null, "adiff": null, "sdd": null, "wildlife": null, "status": null, "target": null, "distanz": null, "name": null, "id": 191 }, "geometry": null },
{ "type": "Feature", "properties": { "segments": "4138,2256", "start": "Sudelfeld-Arzmooskurve", "stop": "Wildalpjoch", "diff": null, "lit": null, "route": null, "pvol": "BayerischeAlpen", "prte": "C6", "type": null, "msdd": null, "sri": null, "adiff": null, "sdd": null, "wildlife": null, "status": null, "target": null, "distanz": null, "name": null, "id": 192 }, "geometry": null },
{ "type": "Feature", "properties": { "segments": "2260,3459,3460,2259", "start": "Sudelfeld", "stop": "Seewandscharte", "diff": null, "lit": null, "route": null, "pvol": "BayerischeAlpen", "prte": "C7", "type": null, "msdd": null, "sri": null, "adiff": null, "sdd": null, "wildlife": null, "status": null, "target": null, "distanz": null, "name": null, "id": 193 }, "geometry": null },
{ "type": "Feature", "properties": { "segments": "2260,3459,3460,2262,2261,2611", "start": "Sudelfeld", "stop": "Lacherspitz", "diff": null, "lit": null, "route": null, "pvol": "BayerischeAlpen", "prte": "C7", "type": null, "msdd": null, "sri": null, "adiff": null, "sdd": null, "wildlife": null, "status": null, "target": null, "distanz": null, "name": null, "id": 194 }, "geometry": null },
{ "type": "Feature", "properties": { "segments": "2272,2881", "start": "Fischbachau Winkl", "stop": "Breitenstein Ostgipfel", "diff": null, "lit": null, "route": null, "pvol": "BayerischeAlpen", "prte": "C1", "type": null, "msdd": null, "sri": null, "adiff": null, "sdd": null, "wildlife": null, "status": null, "target": null, "distanz": null, "name": null, "id": 195 }, "geometry": null },
{ "type": "Feature", "properties": { "segments": "2272,3523", "start": "Fischbachau Winkl", "stop": "Breitenstein Westgipfel", "diff": null, "lit": null, "route": null, "pvol": "BayerischeAlpen", "prte": "C1", "type": null, "msdd": null, "sri": null, "adiff": null, "sdd": null, "wildlife": null, "status": null, "target": null, "distanz": null, "name": null, "id": 196 }, "geometry": null },
{ "type": "Feature", "properties": { "segments": "3546,2882,3469", "start": "Dürnbach", "stop": "Schwarzenberg", "diff": null, "lit": null, "route": null, "pvol": null, "prte": null, "type": null, "msdd": null, "sri": null, "adiff": null, "sdd": null, "wildlife": null, "status": null, "target": null, "distanz": null, "name": null, "id": 197 }, "geometry": null },
{ "type": "Feature", "properties": { "segments": "2265,4315,3335,2913", "start": "Brannenburg", "stop": "Rampoldplatte", "diff": null, "lit": null, "route": null, "pvol": "BayerischeAlpen", "prte": "C2", "type": null, "msdd": null, "sri": null, "adiff": null, "sdd": null, "wildlife": null, "status": null, "target": null, "distanz": null, "name": null, "id": 198 }, "geometry": null },
{ "type": "Feature", "properties": { "segments": "2456,3499,2478,2477", "start": "Schweibern", "stop": "Heuberg", "diff": null, "lit": null, "route": null, "pvol": "BayerischeAlpen", "prte": "E1", "type": null, "msdd": null, "sri": null, "adiff": null, "sdd": null, "wildlife": null, "status": null, "target": null, "distanz": null, "name": null, "id": 199 }, "geometry": null },
{ "type": "Feature", "properties": { "segments": "3013,2455,2405,2969,2681,2403,4140,2680", "start": "Oberstuff", "stop": "Feichteck", "diff": null, "lit": null, "route": null, "pvol": "BayerischeAlpen", "prte": "E3", "type": null, "msdd": null, "sri": null, "adiff": null, "sdd": null, "wildlife": null, "status": null, "target": null, "distanz": null, "name": null, "id": 200 }, "geometry": null },
{ "type": "Feature", "properties": { "segments": "2408,2488,3476,2489,3475,2409,3501,2410,2458", "start": "Lederstube", "stop": "Hochries", "diff": null, "lit": null, "route": null, "pvol": "BayerischeAlpen", "prte": "E5v", "type": null, "msdd": null, "sri": null, "adiff": null, "sdd": null, "wildlife": null, "status": null, "target": null, "distanz": null, "name": null, "id": 201 }, "geometry": null },
{ "type": "Feature", "properties": { "segments": "4155,4152,2432,2431,2433,2430", "start": "Ettenhausen", "stop": "Geigelstein", "diff": null, "lit": null, "route": null, "pvol": "BayerischeAlpen", "prte": "E16", "type": null, "msdd": null, "sri": null, "adiff": null, "sdd": null, "wildlife": null, "status": null, "target": null, "distanz": null, "name": null, "id": 202 }, "geometry": null },
{ "type": "Feature", "properties": { "segments": "4155,4152,2432,2431,2421,2434,2676", "start": "Ettenhausen", "stop": "Breitenstein", "diff": null, "lit": null, "route": null, "pvol": "BayerischeAlpen", "prte": "E17", "type": null, "msdd": null, "sri": null, "adiff": null, "sdd": null, "wildlife": null, "status": null, "target": null, "distanz": null, "name": null, "id": 203 }, "geometry": null },
{ "type": "Feature", "properties": { "segments": "2422,2485,2444,2442,2441,3756,2440,4141", "start": "Sachrang", "stop": "Mühlhornwand", "diff": null, "lit": null, "route": "Südwestroute", "pvol": "BayerischeAlpen", "prte": "E10v", "type": null, "msdd": null, "sri": null, "adiff": null, "sdd": null, "wildlife": null, "status": null, "target": null, "distanz": null, "name": null, "id": 204 }, "geometry": null },
{ "type": "Feature", "properties": { "segments": "2428,2485,2444,2442,2441,3756,2440,4141", "start": "Huben", "stop": "Mühlhornwand", "diff": null, "lit": null, "route": null, "pvol": "BayerischeAlpen", "prte": "E10", "type": null, "msdd": null, "sri": null, "adiff": null, "sdd": null, "wildlife": null, "status": null, "target": null, "distanz": null, "name": null, "id": 205 }, "geometry": null },
{ "type": "Feature", "properties": { "segments": "2422,2485,2444,2442,2441,3756,2440,3759,2671,2492,2436", "start": "Sachrang", "stop": "Priener Hütte", "diff": null, "lit": null, "route": null, "pvol": null, "prte": null, "type": 1, "msdd": null, "sri": null, "adiff": null, "sdd": null, "wildlife": null, "status": null, "target": null, "distanz": null, "name": null, "id": 206 }, "geometry": null },
{ "type": "Feature", "properties": { "segments": "2422,2485,2444,2442,2441,3756,2440,3759,2671,2424,2473,3755", "start": "Sachrang", "stop": "Mühlhornwand", "diff": null, "lit": null, "route": "Südostroute", "pvol": "BayerischeAlpen", "prte": "E10v", "type": null, "msdd": null, "sri": null, "adiff": null, "sdd": null, "wildlife": null, "status": null, "target": null, "distanz": null, "name": null, "id": 207 }, "geometry": null },
{ "type": "Feature", "properties": { "segments": "2422,2485,2444,2442,2441,3756,2440,3759,2671,2492,2491,2423,2434,2676", "start": "Sachrang", "stop": "Breitenstein", "diff": null, "lit": null, "route": null, "pvol": "BayerischeAlpen", "prte": "E17v", "type": null, "msdd": null, "sri": null, "adiff": null, "sdd": null, "wildlife": null, "status": null, "target": null, "distanz": null, "name": null, "id": 208 }, "geometry": null },
{ "type": "Feature", "properties": { "segments": "3489,4184,7296,2438,2437,3338", "start": "Hainbach", "stop": "Geigelstein", "diff": null, "lit": null, "route": "Rossalmüberschreitung", "pvol": "BayerischeAlpen", "prte": "E9v", "type": null, "msdd": null, "sri": null, "adiff": null, "sdd": null, "wildlife": null, "status": null, "target": null, "distanz": null, "name": null, "id": 209 }, "geometry": null },
{ "type": "Feature", "properties": { "segments": "3491,2429,3490,7296,2438,2437,3338", "start": "Mühlau", "stop": "Geigelstein", "diff": null, "lit": null, "route": "Rossalmüberschreitung", "pvol": "BayerischeAlpen", "prte": "E15", "type": null, "msdd": null, "sri": null, "adiff": null, "sdd": null, "wildlife": null, "status": null, "target": null, "distanz": null, "name": null, "id": 210 }, "geometry": null },
{ "type": "Feature", "properties": { "segments": "2475,2474,2470", "start": "Bürstlingberg", "stop": "Haindorfer Berg", "diff": null, "lit": null, "route": null, "pvol": "BayerischeAlpen", "prte": "E12a", "type": null, "msdd": null, "sri": null, "adiff": null, "sdd": null, "wildlife": null, "status": null, "target": null, "distanz": null, "name": null, "id": 211 }, "geometry": null },
{ "type": "Feature", "properties": { "segments": "2475,2416,2417,2621,2617,2618", "start": "Bürstlingfeld", "stop": "Kampenwand", "diff": null, "lit": null, "route": null, "pvol": null, "prte": null, "type": null, "msdd": null, "sri": null, "adiff": null, "sdd": null, "wildlife": null, "status": null, "target": null, "distanz": null, "name": null, "id": 212 }, "geometry": null },
{ "type": "Feature", "properties": { "segments": "3007,2972,3488,2974,2975,3384,2981,3479,3480,2970", "start": "Niedernfels", "stop": "Hochplatte", "diff": null, "lit": null, "route": "", "pvol": "BayerischeAlpen", "prte": "E13", "type": null, "msdd": null, "sri": null, "adiff": null, "sdd": null, "wildlife": null, "status": null, "target": null, "distanz": null, "name": null, "id": 213 }, "geometry": null },
{ "type": "Feature", "properties": { "segments": "2316,2631,2743,3364,2592,2591,2364", "start": "Lenggries", "stop": "Seekarkreuz", "diff": null, "lit": null, "route": null, "pvol": "KWR", "prte": "J2", "type": null, "msdd": null, "sri": null, "adiff": null, "sdd": null, "wildlife": null, "status": null, "target": null, "distanz": null, "name": null, "id": 214 }, "geometry": null },
{ "type": "Feature", "properties": { "segments": "7271,3357,2629,3797,7273,3798,3802,3804,3800,3805,3911,3801,3808,3809,2863", "start": "Königssee", "stop": "Jenner", "diff": null, "lit": null, "route": "über Mitterkaseralm", "pvol": "BayerischeAlpen", "prte": "G21a", "type": null, "msdd": "38", "sri": null, "adiff": null, "sdd": null, "wildlife": null, "status": null, "target": null, "distanz": null, "name": null, "id": 215 }, "geometry": null },
{ "type": "Feature", "properties": { "segments": "7271,3357,2628,3169,7272,3170,2124,2138,3910,3183,3808,3809,2863", "start": "Königssee", "stop": "Jenner", "diff": null, "lit": null, "route": "über Hochbahn", "pvol": "BayerischeAlpen", "prte": "G21c", "type": null, "msdd": "38", "sri": null, "adiff": null, "sdd": null, "wildlife": null, "status": null, "target": null, "distanz": null, "name": null, "id": 216 }, "geometry": null },
{ "type": "Feature", "properties": { "segments": "3157,3156,3802,3804,3799,3807,3809,2863", "start": "Hinterbrand", "stop": "Jenner", "diff": null, "lit": null, "route": "über Mitterkaseralm", "pvol": "BayerischeAlpen", "prte": "G21a-Var", "type": null, "msdd": "38", "sri": null, "adiff": null, "sdd": null, "wildlife": null, "status": null, "target": null, "distanz": null, "name": null, "id": 218 }, "geometry": null },
{ "type": "Feature", "properties": { "segments": "3157,3156,3802,3804,3800,3805,3911,3918,3917", "start": "Hinterbrand", "stop": "Pfaffenkegel (Skidepot)", "diff": null, "lit": null, "route": "über Mitterkaseralm", "pvol": null, "prte": null, "type": null, "msdd": "-1", "sri": null, "adiff": null, "sdd": null, "wildlife": null, "status": null, "target": null, "distanz": null, "name": null, "id": 219 }, "geometry": null },
{ "type": "Feature", "properties": { "segments": "7271,3357,2628,3169,7272,3170,2124,2138,3910,3914,3915,3916,3917", "start": "Königssee", "stop": "Pfaffenkegel (Skidepot)", "diff": null, "lit": null, "route": "über Hochbahn", "pvol": null, "prte": null, "type": null, "msdd": "-1", "sri": null, "adiff": null, "sdd": null, "wildlife": null, "status": null, "target": null, "distanz": null, "name": null, "id": 220 }, "geometry": null },
{ "type": "Feature", "properties": { "segments": "7271,3357,2629,3797,7273,3798,3802,3804,3800,3805,3911,3918,3917", "start": "Königssee", "stop": "Pfaffenkegel (Skidepot)", "diff": null, "lit": null, "route": "über Mitterkaseralm", "pvol": null, "prte": null, "type": null, "msdd": "-1", "sri": null, "adiff": null, "sdd": null, "wildlife": null, "status": null, "target": null, "distanz": null, "name": null, "id": 221 }, "geometry": null },
{ "type": "Feature", "properties": { "segments": "3157,3156,3802,3804,3800,3805,3911,3918,3916,3810,3215", "start": "Hinterbrand", "stop": "Carl-von-Stahl-Haus", "diff": null, "lit": null, "route": "über Mitterkaseralm", "pvol": "BayerischeAlpen", "prte": "G18", "type": 1, "msdd": null, "sri": null, "adiff": null, "sdd": null, "wildlife": null, "status": null, "target": null, "distanz": null, "name": null, "id": 222 }, "geometry": null },
{ "type": "Feature", "properties": { "segments": "7271,3357,2629,4260,3169,7272,3170,2124,2138,3910,3914,3913,3215", "start": "Königssee", "stop": "Carl-von-Stahl-Haus", "diff": null, "lit": null, "route": "über Hochbahn", "pvol": "BayerischeAlpen", "prte": "G19.1", "type": 1, "msdd": null, "sri": null, "adiff": null, "sdd": null, "wildlife": null, "status": null, "target": null, "distanz": null, "name": null, "id": 223 }, "geometry": null },
{ "type": "Feature", "properties": { "segments": "3157,3156,3214,2124,2114,2103,2070,3912,1997,1956,4264,3186", "start": "Hinterbrand", "stop": "Hohe Rossfelder", "diff": null, "lit": null, "route": null, "pvol": "BayerischeAlpen", "prte": "G20", "type": null, "msdd": null, "sri": null, "adiff": null, "sdd": null, "wildlife": null, "status": null, "target": null, "distanz": null, "name": null, "id": 224 }, "geometry": null },
{ "type": "Feature", "properties": { "segments": "3187", "start": "Carl-von-Stahl-Haus", "stop": "Schneibstein", "diff": null, "lit": null, "route": "", "pvol": "BayerischeAlpen", "prte": "G18", "type": 2, "msdd": "-1", "sri": null, "adiff": null, "sdd": null, "wildlife": null, "status": null, "target": null, "distanz": null, "name": null, "id": 225 }, "geometry": null },
{ "type": "Feature", "properties": { "segments": "3157,3156,3802,3804,3800,3805,3911,3918,3916,3810,3215,3187,2081,2013,1967,1963,1951,1914,1892,1887,1872,1861,1860,1884,1927,1956,1997,2000,2023,2051,2070,2103,2114,2124,3214", "start": "Hinterbrand", "stop": "Hinterbrand", "diff": null, "lit": null, "route": "Kleine Reibn", "pvol": "BayerischeAlpen", "prte": "G18", "type": null, "msdd": "-1", "sri": null, "adiff": null, "sdd": null, "wildlife": null, "status": null, "target": "s", "distanz": null, "name": null, "id": 226 }, "geometry": null },
{ "type": "Feature", "properties": { "segments": "7271,3357,2628,3169,7272,3170,2124,2138,3910,3914,3913,3215,3187,2085,1979,1922,1834,1776,1580,1344,1265,1189,1077,1178,1197,1219,1303,1324", "start": "Königssee", "stop": "Kärlingerhaus", "diff": null, "lit": null, "route": "Große Reibn über Niederbrunnsulzen", "pvol": "Bayerische Alpen", "prte": "G19.2b", "type": null, "msdd": null, "sri": null, "adiff": null, "sdd": null, "wildlife": null, "status": null, "target": null, "distanz": null, "name": null, "id": 227 }, "geometry": null },
{ "type": "Feature", "properties": { "segments": "7271,3357,2628,3169,7272,3170,2124,2138,3910,3914,3913,3215,3187,2085,1979,1922,1834,1776,1580,1344,1321", "start": "Königssee", "stop": "Wasseralm", "diff": null, "lit": null, "route": "Große Reibn", "pvol": "BayerischeAlpen", "prte": "G19.2a", "type": 1, "msdd": null, "sri": null, "adiff": null, "sdd": null, "wildlife": null, "status": null, "target": null, "distanz": null, "name": null, "id": 228 }, "geometry": null },
{ "type": "Feature", "properties": { "segments": "3187,2085,1979,1922,1834,1776,1580,1344,1265,1189,1161,7186,7188,7187,1218", "start": "Carl-von-Stahl-Haus", "stop": "Funtenseetauern", "diff": null, "lit": null, "route": "Große Reibn", "pvol": "BayerischeAlpen", "prte": "G19.2Var", "type": 2, "msdd": null, "sri": null, "adiff": null, "sdd": null, "wildlife": null, "status": null, "target": null, "distanz": null, "name": null, "id": 229 }, "geometry": null },
{ "type": "Feature", "properties": { "segments": "3187,2081,2013,1967,1963,1951,1914,1892,1886,1874,1860,1884,1898,3919", "start": "Carl-von-Stahl-Haus", "stop": "Hohe Rossfelder", "diff": null, "lit": null, "route": "Kleine Reibn", "pvol": "BayerischeAlpen", "prte": "G18", "type": 2, "msdd": null, "sri": null, "adiff": null, "sdd": null, "wildlife": null, "status": null, "target": null, "distanz": null, "name": null, "id": 230 }, "geometry": null },
{ "type": "Feature", "properties": { "segments": "7271,3357,2628,3169,7272,3170,2124,2114,2103,2070,2051,2023,2000,1997,1956,1927,1884,1860,1861,1872,1873,1800,1758", "start": "Königssee", "stop": "Kahlersberg", "diff": null, "lit": null, "route": "über Priesbergalm und Hochseeleinscharte", "pvol": null, "prte": null, "type": null, "msdd": null, "sri": null, "adiff": null, "sdd": null, "wildlife": null, "status": null, "target": null, "distanz": null, "name": null, "id": 231 }, "geometry": null },
{ "type": "Feature", "properties": { "segments": "3187,2085,1979,1922,1834,1775,1724,1758", "start": "Carl-von-Stahl-Haus", "stop": "Kahlersberg", "diff": null, "lit": null, "route": "über Schneibstein", "pvol": "", "prte": null, "type": 2, "msdd": null, "sri": null, "adiff": null, "sdd": null, "wildlife": null, "status": null, "target": null, "distanz": null, "name": null, "id": 232 }, "geometry": null },
{ "type": "Feature", "properties": { "segments": "7292,1283,1189,1161,7186,7188,7187,1218", "start": "Wasseralm", "stop": "Funtenseetauern", "diff": null, "lit": null, "route": "über Blaue Lacke", "pvol": "BayerischeAlpen", "prte": "G19.3b", "type": 2, "msdd": null, "sri": null, "adiff": null, "sdd": null, "wildlife": null, "status": null, "target": null, "distanz": null, "name": null, "id": 233 }, "geometry": null },
{ "type": "Feature", "properties": { "segments": "7292,1286,7186,7188,7187,1218", "start": "Wasseralm", "stop": "Funtenseetauern", "diff": null, "lit": null, "route": "durch den Unsünnigen Winkel", "pvol": "BayerischeAlpen", "prte": "G19.3a", "type": 2, "msdd": null, "sri": null, "adiff": null, "sdd": null, "wildlife": null, "status": null, "target": "P", "distanz": null, "name": null, "id": 234 }, "geometry": null },
{ "type": "Feature", "properties": { "segments": "1885,1804,1714,1462,1376,1332", "start": "St. Bartholomä", "stop": "Kärlingerhaus", "diff": null, "lit": null, "route": "Saugasse", "pvol": "BayerischeAlpen", "prte": "G15", "type": 1, "msdd": null, "sri": null, "adiff": null, "sdd": null, "wildlife": null, "status": null, "target": null, "distanz": null, "name": null, "id": 235 }, "geometry": null },
{ "type": "Feature", "properties": { "segments": "1324,1303,1219,1212,1218", "start": "Kärlingerhaus", "stop": "Funtenseetauern", "diff": null, "lit": null, "route": "Direktroute", "pvol": "BayerischeAlpen", "prte": "G15v", "type": 2, "msdd": null, "sri": null, "adiff": null, "sdd": null, "wildlife": null, "status": null, "target": null, "distanz": null, "name": null, "id": 236 }, "geometry": null },
{ "type": "Feature", "properties": { "segments": "1324,1302,1234,7264,910", "start": "Kärlingerhaus", "stop": "Breithorn", "diff": null, "lit": null, "route": "über Baumgartl", "pvol": "BayerischeAlpen", "prte": "G17", "type": 2, "msdd": null, "sri": null, "adiff": null, "sdd": null, "wildlife": null, "status": null, "target": "P", "distanz": null, "name": null, "id": 237 }, "geometry": null },
{ "type": "Feature", "properties": { "segments": "1332,1331,1308,1248", "start": "Kärlingerhaus", "stop": "Viehkogel", "diff": null, "lit": null, "route": null, "pvol": null, "prte": null, "type": 2, "msdd": null, "sri": null, "adiff": null, "sdd": null, "wildlife": null, "status": null, "target": null, "distanz": null, "name": null, "id": 238 }, "geometry": null },
{ "type": "Feature", "properties": { "segments": "1324,1303,1219,1197,1178,1076,1048,7262,7263", "start": "Kärlingerhaus", "stop": "Buchauer Scharte", "diff": null, "lit": null, "route": null, "pvol": null, "prte": null, "type": 2, "msdd": null, "sri": null, "adiff": null, "sdd": null, "wildlife": null, "status": null, "target": null, "distanz": null, "name": null, "id": 239 }, "geometry": null },
{ "type": "Feature", "properties": { "segments": "1332,1331,1309,1319,1326,1432,4514,7270", "start": "Kärlingerhaus", "stop": "Kleiner Hundstod", "diff": null, "lit": null, "route": null, "pvol": null, "prte": null, "type": 2, "msdd": null, "sri": null, "adiff": null, "sdd": null, "wildlife": null, "status": null, "target": null, "distanz": null, "name": null, "id": 240 }, "geometry": null },
{ "type": "Feature", "properties": { "segments": "7293,4143,1666,7168,6038,6039,6041,6043,6044,4515,1432,1326,1319,1309,1331,1332", "start": "Hintertal", "stop": "Kärlingerhaus", "diff": null, "lit": null, "route": "über den Diesbachstausee", "pvol": "BayerischeAlpen", "prte": "G14v", "type": 1, "msdd": null, "sri": null, "adiff": null, "sdd": null, "wildlife": null, "status": null, "target": null, "distanz": null, "name": null, "id": 241 }, "geometry": null },
{ "type": "Feature", "properties": { "segments": "2540,2568,1990,1847,1543,1326,1320,1309,1331,1332", "start": "Wimbachbrücke", "stop": "Kärlingerhaus", "diff": null, "lit": null, "route": "übers Hundstodgatterl", "pvol": "BayerischeAlpen", "prte": "G14a", "type": 1, "msdd": null, "sri": null, "adiff": null, "sdd": null, "wildlife": null, "status": null, "target": "P", "distanz": null, "name": null, "id": 242 }, "geometry": null },
{ "type": "Feature", "properties": { "segments": "1893", "start": "St. Bartholomä", "stop": "Hocheis", "diff": null, "lit": null, "route": null, "pvol": "BayerischeAlpen", "prte": "G13", "type": null, "msdd": null, "sri": null, "adiff": null, "sdd": null, "wildlife": null, "status": null, "target": "P", "distanz": null, "name": null, "id": 243 }, "geometry": null },
{ "type": "Feature", "properties": { "segments": "3349,2540,2568,1990,1847,4251,1491,1431", "start": "Wimbachbrücke", "stop": "Ingolstädter Haus", "diff": null, "lit": null, "route": "über Hundstodgatterl", "pvol": "BayerischeAlpen", "prte": "G10v", "type": 1, "msdd": "-1", "sri": null, "adiff": null, "sdd": null, "wildlife": null, "status": null, "target": null, "distanz": null, "name": null, "id": 244 }, "geometry": null },
{ "type": "Feature", "properties": { "segments": "3349,2540,2568,1990,1846,1825,7172,1651,1650", "start": "Wimbachbrücke", "stop": "Seehorn", "diff": null, "lit": null, "route": "durch den Leoganger Seilergraben", "pvol": "BayerischeAlpen", "prte": "G10v", "type": null, "msdd": null, "sri": null, "adiff": null, "sdd": null, "wildlife": null, "status": null, "target": "P", "distanz": null, "name": null, "id": 245 }, "geometry": null },
{ "type": "Feature", "properties": { "segments": "1431,1469,1596,1651,1650", "start": "Ingolstädter Haus", "stop": "Seehorn", "diff": null, "lit": null, "route": null, "pvol": "BayerischeAlpen", "prte": "G10v", "type": 2, "msdd": null, "sri": null, "adiff": null, "sdd": null, "wildlife": null, "status": null, "target": null, "distanz": null, "name": null, "id": 246 }, "geometry": null },
{ "type": "Feature", "properties": { "segments": "4516,4517,1638", "start": "Pürzlbach", "stop": "Kühkranz", "diff": null, "lit": null, "route": null, "pvol": "Salzburg1", "prte": "C4b", "type": null, "msdd": null, "sri": null, "adiff": null, "sdd": null, "wildlife": null, "status": null, "target": null, "distanz": null, "name": null, "id": 247 }, "geometry": null },
{ "type": "Feature", "properties": { "segments": "4516,6037,6038,7170,1630", "start": "Pürzelbach", "stop": "Seehorn", "diff": null, "lit": null, "route": null, "pvol": "Salzburg1", "prte": "C3a", "type": null, "msdd": null, "sri": null, "adiff": null, "sdd": null, "wildlife": null, "status": null, "target": null, "distanz": null, "name": null, "id": 248 }, "geometry": null },
{ "type": "Feature", "properties": { "segments": "7293,4485", "start": "Hintertal", "stop": "Kühkranz", "diff": null, "lit": null, "route": "Nordrinne", "pvol": "Salzburg1", "prte": "C3c", "type": null, "msdd": null, "sri": null, "adiff": null, "sdd": null, "wildlife": null, "status": null, "target": "P", "distanz": null, "name": null, "id": 249 }, "geometry": null },
{ "type": "Feature", "properties": { "segments": "7293,4143,1666,4004,4005,1618", "start": "Hintertal", "stop": "Farmauriedel", "diff": null, "lit": null, "route": "über Kallbrunnalm", "pvol": "Salzburg1", "prte": "C4a", "type": null, "msdd": null, "sri": null, "adiff": null, "sdd": null, "wildlife": null, "status": null, "target": null, "distanz": null, "name": null, "id": 250 }, "geometry": null },
{ "type": "Feature", "properties": { "segments": "7293,4143,1666,7168,6038,6039,6040", "start": "Hintertal", "stop": "Rauchkopf", "diff": null, "lit": null, "route": null, "pvol": "Salzburg", "prte": "C6", "type": null, "msdd": null, "sri": null, "adiff": null, "sdd": null, "wildlife": null, "status": null, "target": null, "distanz": null, "name": null, "id": 251 }, "geometry": null },
{ "type": "Feature", "properties": { "segments": "7293,4143,1666,7168,6038,6039,6041,6042", "start": "Hintertal", "stop": "Spitzhörndl", "diff": null, "lit": null, "route": null, "pvol": "Salzburg1", "prte": "C5a", "type": null, "msdd": null, "sri": null, "adiff": null, "sdd": null, "wildlife": null, "status": null, "target": null, "distanz": null, "name": null, "id": 252 }, "geometry": null },
{ "type": "Feature", "properties": { "segments": "7293,4143,1666,7168,6038,6039,6041,7164", "start": "Hintertal", "stop": "Finsterbachkopf", "diff": null, "lit": null, "route": null, "pvol": "Salzburg1", "prte": "C5b", "type": null, "msdd": null, "sri": null, "adiff": null, "sdd": null, "wildlife": null, "status": null, "target": null, "distanz": null, "name": null, "id": 253 }, "geometry": null },
{ "type": "Feature", "properties": { "segments": "7293,4143,1666,7168,6038,6039,6041,6043,7165,7166", "start": "Hintertal", "stop": "Windbachkopf", "diff": null, "lit": null, "route": null, "pvol": "Salzburg1", "prte": "C5c", "type": null, "msdd": null, "sri": null, "adiff": null, "sdd": null, "wildlife": null, "status": null, "target": null, "distanz": null, "name": null, "id": 254 }, "geometry": null },
{ "type": "Feature", "properties": { "segments": "7293,4143,1666,7168,6038,6039,6041,6043,7165,7167,7169", "start": "Hintertal", "stop": "Schindlkopf", "diff": null, "lit": null, "route": null, "pvol": "Salzburg1", "prte": "C5", "type": null, "msdd": null, "sri": null, "adiff": null, "sdd": null, "wildlife": null, "status": null, "target": null, "distanz": null, "name": null, "id": 255 }, "geometry": null },
{ "type": "Feature", "properties": { "segments": "3350,3153,3351,2530,3177,7177,3180,2531,7294", "start": "Wimbachbrücke", "stop": "Watzmanngugel", "diff": null, "lit": null, "route": "über Stubenalm", "pvol": "BayerischeAlpen", "prte": "G11", "type": null, "msdd": null, "sri": null, "adiff": null, "sdd": null, "wildlife": null, "status": null, "target": null, "distanz": null, "name": null, "id": 257 }, "geometry": null },
{ "type": "Feature", "properties": { "segments": "3350,2532,3923,2533,2599,3354,3796,2026", "start": "Wimbachbrücke", "stop": "Drittes Watzmannkind", "diff": null, "lit": null, "route": "Watzmannkar", "pvol": "BayerischeAlpen", "prte": "G12a", "type": null, "msdd": null, "sri": null, "adiff": null, "sdd": null, "wildlife": null, "status": null, "target": null, "distanz": null, "name": null, "id": 258 }, "geometry": null },
{ "type": "Feature", "properties": { "segments": "3176,3175,2600,3177,7177,3180,2531,7294", "start": "Hammerstiel", "stop": "Watzmanngugel", "diff": null, "lit": null, "route": null, "pvol": "BayerischeAlpen", "prte": "G11", "type": null, "msdd": null, "sri": null, "adiff": null, "sdd": null, "wildlife": null, "status": null, "target": null, "distanz": null, "name": null, "id": 259 }, "geometry": null },
{ "type": "Feature", "properties": { "segments": "3176,3923,2533,2599,3354,3796,2025,1992", "start": "Hammerstiel", "stop": "Fünftes Watzmannkind", "diff": null, "lit": null, "route": "Watzmannkar", "pvol": "BayerischeAlpen", "prte": "G12b", "type": null, "msdd": null, "sri": null, "adiff": null, "sdd": null, "wildlife": null, "status": null, "target": null, "distanz": null, "name": null, "id": 260 }, "geometry": null },
{ "type": "Feature", "properties": { "segments": "3350,2532,3923,2533,2599,3354,3796,2025,1986", "start": "Wimbachbrücke", "stop": "Skischarte", "diff": null, "lit": null, "route": "Watzmannkar", "pvol": "BayerischeAlpen", "prte": "G12b", "type": null, "msdd": null, "sri": null, "adiff": null, "sdd": null, "wildlife": null, "status": null, "target": null, "distanz": null, "name": null, "id": 261 }, "geometry": null },
{ "type": "Feature", "properties": { "segments": "3176,3175,2600,3177,7177,3180,2531,7294,4250,2118", "start": "Hammerstiel", "stop": "Hocheck", "diff": null, "lit": null, "route": null, "pvol": "BayerischeAlpen", "prte": "G11", "type": null, "msdd": null, "sri": null, "adiff": null, "sdd": null, "wildlife": null, "status": null, "target": null, "distanz": null, "name": null, "id": 262 }, "geometry": null },
{ "type": "Feature", "properties": { "segments": "3813,3815,3812", "start": "Hintersee", "stop": "Steinberg", "diff": null, "lit": null, "route": null, "pvol": "BayerischeAlpen", "prte": "G3", "type": null, "msdd": null, "sri": null, "adiff": null, "sdd": null, "wildlife": null, "status": null, "target": "P", "distanz": null, "name": null, "id": 263 }, "geometry": null },
{ "type": "Feature", "properties": { "segments": "3813,3815,3811", "start": "Seeklause", "stop": "Blaueisspitze", "diff": null, "lit": null, "route": null, "pvol": "BayerischeAlpen", "prte": "G4", "type": null, "msdd": "320", "sri": null, "adiff": null, "sdd": null, "wildlife": null, "status": null, "target": "P", "distanz": null, "name": null, "id": 264 }, "geometry": null },
{ "type": "Feature", "properties": { "segments": "4494,2567,4253,2543,3791", "start": "Hintersee", "stop": "Ofentalhörndl", "diff": null, "lit": null, "route": "Steintal", "pvol": "BayerischeAlpen", "prte": "G6", "type": null, "msdd": null, "sri": null, "adiff": null, "sdd": null, "wildlife": null, "status": null, "target": "P", "distanz": null, "name": null, "id": 265 }, "geometry": null },
{ "type": "Feature", "properties": { "segments": "4494,2567,4253,3227,4482,3790,7295,2027,2040", "start": "Hintersee", "stop": "Steintalhörndl", "diff": null, "lit": null, "route": "Sittersbachtal", "pvol": "BayerischeAlpen", "prte": "G7", "type": null, "msdd": null, "sri": null, "adiff": null, "sdd": null, "wildlife": null, "status": null, "target": null, "distanz": null, "name": null, "id": 266 }, "geometry": null },
{ "type": "Feature", "properties": { "segments": "4494,2567,4253,3227,4482,3790,7295,7261", "start": "Hintersee", "stop": "Hinterbergkopf", "diff": null, "lit": null, "route": null, "pvol": "BayerischeAlpen", "prte": "G7a", "type": null, "msdd": null, "sri": null, "adiff": null, "sdd": null, "wildlife": null, "status": null, "target": "P", "distanz": null, "name": null, "id": 267 }, "geometry": null },
{ "type": "Feature", "properties": { "segments": "4494,2567,4253,3227,4483,3789", "start": "Hintersee", "stop": "Vorderberghörndl", "diff": null, "lit": null, "route": null, "pvol": "BayerischeAlpen", "prte": "G8", "type": null, "msdd": null, "sri": null, "adiff": null, "sdd": null, "wildlife": null, "status": null, "target": "P", "distanz": null, "name": null, "id": 268 }, "geometry": null },
{ "type": "Feature", "properties": { "segments": "4494,3218,3223,3224,4489,4490,7260,3225,4493,4491,2019,2005,1952,1897", "start": "Hintersee", "stop": "Hocheisspitze", "diff": null, "lit": null, "route": null, "pvol": "BayerischeAlpen", "prte": "G9", "type": null, "msdd": null, "sri": null, "adiff": null, "sdd": null, "wildlife": null, "status": null, "target": null, "distanz": null, "name": null, "id": 269 }, "geometry": null },
{ "type": "Feature", "properties": { "segments": "4254,1936,4512,1888", "start": "Hintertal", "stop": "Kammerlinghorn", "diff": null, "lit": null, "route": "Südanstieg", "pvol": "Salzburg1", "prte": "C2", "type": null, "msdd": null, "sri": null, "adiff": null, "sdd": null, "wildlife": null, "status": null, "target": "P", "distanz": null, "name": null, "id": 270 }, "geometry": null },
{ "type": "Feature", "properties": { "segments": "4254,1998,2018,2019,7173,4511,4513,4512,1888", "start": "Hintertal", "stop": "Kammerlinghorn", "diff": null, "lit": null, "route": "Mooswand-Route", "pvol": "Salzburg1", "prte": "C2a", "type": null, "msdd": null, "sri": null, "adiff": null, "sdd": null, "wildlife": null, "status": null, "target": "P", "distanz": null, "name": null, "id": 271 }, "geometry": null },
{ "type": "Feature", "properties": { "segments": "4254,1998,2018,2019,7173,4511,2004,1888", "start": "Hintertal", "stop": "Kammerlinghorn", "diff": null, "lit": null, "route": "Karlkogelrinne", "pvol": "Salzburg1", "prte": "C2b", "type": null, "msdd": null, "sri": null, "adiff": null, "sdd": null, "wildlife": null, "status": null, "target": "P", "distanz": null, "name": null, "id": 272 }, "geometry": null },
{ "type": "Feature", "properties": { "segments": "2556,4022", "start": "Bischofswiesen", "stop": "Götschenkopf", "diff": null, "lit": null, "route": null, "pvol": "BayerischeAlpen", "prte": "G1", "type": null, "msdd": null, "sri": null, "adiff": null, "sdd": null, "wildlife": null, "status": null, "target": null, "distanz": null, "name": null, "id": 273 }, "geometry": null },
{ "type": "Feature", "properties": { "segments": "4189,7176,4495,2563,4244", "start": "Schwarzeck", "stop": "Toter Mann", "diff": null, "lit": null, "route": "über Hirschkaser", "pvol": null, "prte": null, "type": null, "msdd": null, "sri": null, "adiff": null, "sdd": null, "wildlife": null, "status": null, "target": null, "distanz": null, "name": null, "id": 274 }, "geometry": null },
{ "type": "Feature", "properties": { "segments": "2596,4022", "start": "Loipl", "stop": "Götschenkopf", "diff": null, "lit": null, "route": null, "pvol": null, "prte": null, "type": null, "msdd": null, "sri": null, "adiff": null, "sdd": null, "wildlife": null, "status": null, "target": null, "distanz": null, "name": null, "id": 275 }, "geometry": null },
{ "type": "Feature", "properties": { "segments": "2534,2535,2536,4476", "start": "Oberjettenberg", "stop": "Neue Traunsteiner Hütte", "diff": null, "lit": null, "route": null, "pvol": "BayerischeAlpen", "prte": "H1", "type": 1, "msdd": null, "sri": null, "adiff": null, "sdd": null, "wildlife": null, "status": null, "target": null, "distanz": null, "name": null, "id": 276 }, "geometry": null },
{ "type": "Feature", "properties": { "segments": "2652,2653,2539", "start": "Neue Traunsteiner Hütte", "stop": "Großer Weitschartenkopf", "diff": null, "lit": null, "route": null, "pvol": "BayerischeAlpen", "prte": "H1", "type": 2, "msdd": null, "sri": null, "adiff": null, "sdd": null, "wildlife": null, "status": null, "target": null, "distanz": null, "name": null, "id": 277 }, "geometry": null },
{ "type": "Feature", "properties": { "segments": "2652,4480,4481,2546,3786,3787,2542,3781", "start": "Neue Traunsteiner Hütte", "stop": "Wagendrischlhorn", "diff": null, "lit": null, "route": "durch die Steinberggasse", "pvol": null, "prte": null, "type": 2, "msdd": null, "sri": null, "adiff": null, "sdd": null, "wildlife": null, "status": null, "target": null, "distanz": null, "name": null, "id": 278 }, "geometry": null },
{ "type": "Feature", "properties": { "segments": "3788", "start": "Neue Traunsteiner Hütte", "stop": "Edelweißlahnerkopf", "diff": null, "lit": null, "route": null, "pvol": "BayerischeAlpen", "prte": "H3", "type": 2, "msdd": null, "sri": null, "adiff": null, "sdd": null, "wildlife": null, "status": null, "target": "P", "distanz": null, "name": null, "id": 279 }, "geometry": null },
{ "type": "Feature", "properties": { "segments": "3788,3785,3786,3787,2542,3781", "start": "Neue Traunsteiner Hütte", "stop": "Wagendrischelhorn", "diff": null, "lit": null, "route": "über Reiter Steinberg", "pvol": "BayerischeAlpen", "prte": "H3", "type": 2, "msdd": null, "sri": null, "adiff": null, "sdd": null, "wildlife": null, "status": null, "target": "P", "distanz": null, "name": null, "id": 280 }, "geometry": null },
{ "type": "Feature", "properties": { "segments": "2652,4480,4481,2546,3786,2544", "start": "Neue Traunsteiner Hütte", "stop": "Plattelkopf", "diff": null, "lit": null, "route": null, "pvol": "BayerischeAlpen", "prte": "H3", "type": 2, "msdd": null, "sri": null, "adiff": null, "sdd": null, "wildlife": null, "status": null, "target": null, "distanz": null, "name": null, "id": 281 }, "geometry": null },
{ "type": "Feature", "properties": { "segments": "3783,7259,4192,2539", "start": "Reith", "stop": "Großer Weitschartenkopf", "diff": null, "lit": null, "route": null, "pvol": "BayerischeAlpen", "prte": "H1a", "type": null, "msdd": null, "sri": null, "adiff": null, "sdd": null, "wildlife": null, "status": null, "target": null, "distanz": null, "name": null, "id": 282 }, "geometry": null },
{ "type": "Feature", "properties": { "segments": "3783,7259,2545,4479,2546,3786,2544", "start": "Reith", "stop": "Plattelkopf", "diff": null, "lit": null, "route": "", "pvol": "BayerischeAlpen", "prte": "H3a", "type": null, "msdd": null, "sri": null, "adiff": null, "sdd": null, "wildlife": null, "status": null, "target": null, "distanz": null, "name": null, "id": 283 }, "geometry": null },
{ "type": "Feature", "properties": { "segments": "3783,7258,3784,3782,2542,3781", "start": "Reith", "stop": "Wagendrischelhorn", "diff": null, "lit": null, "route": null, "pvol": "BayerischeAlpen", "prte": "H2", "type": null, "msdd": null, "sri": null, "adiff": null, "sdd": null, "wildlife": null, "status": null, "target": null, "distanz": null, "name": null, "id": 284 }, "geometry": null },
{ "type": "Feature", "properties": { "segments": "4144,3257,3835,3263,3259,3834", "start": "Heutalbauer", "stop": "Peitingköpfl", "diff": null, "lit": null, "route": "über die Gschwendtneralm", "pvol": "BayerischeAlpen", "prte": "F13", "type": null, "msdd": null, "sri": null, "adiff": null, "sdd": null, "wildlife": null, "status": null, "target": null, "distanz": null, "name": null, "id": 285 }, "geometry": null },
{ "type": "Feature", "properties": { "segments": "4144,3833,3838,3837,3260,3263,3259,3834", "start": "Heutalbauer", "stop": "Peitingköpfl", "diff": null, "lit": null, "route": "über die Hochalm", "pvol": "Bayerische Alpen", "prte": "F13", "type": null, "msdd": null, "sri": null, "adiff": null, "sdd": null, "wildlife": null, "status": null, "target": null, "distanz": null, "name": null, "id": 286 }, "geometry": null },
{ "type": "Feature", "properties": { "segments": "4144,3257,3835,3263,3264,3266,3841,3265", "start": "Heutalbauer", "stop": "Sonntagshorn", "diff": null, "lit": null, "route": "über die Gschwendtneralm", "pvol": "BayerischeAlpen", "prte": "F13", "type": null, "msdd": null, "sri": null, "adiff": null, "sdd": null, "wildlife": null, "status": null, "target": null, "distanz": null, "name": null, "id": 287 }, "geometry": null },
{ "type": "Feature", "properties": { "segments": "4144,3833,3838,3258,3839,3262,3841,3265", "start": "Heutalbauer", "stop": "Sonntagshorn", "diff": null, "lit": null, "route": "über die Hochalm", "pvol": "BayerischeAlpen", "prte": "F13", "type": null, "msdd": null, "sri": null, "adiff": null, "sdd": null, "wildlife": null, "status": null, "target": null, "distanz": null, "name": null, "id": 288 }, "geometry": null },
{ "type": "Feature", "properties": { "segments": "4144,3257,3836,3837,3254,3255", "start": "Heutalbauer", "stop": "Vorderlahnerkopf", "diff": null, "lit": null, "route": "über die Gschwendtneralm", "pvol": "BayerischeAlpen", "prte": "F12", "type": null, "msdd": null, "sri": null, "adiff": null, "sdd": null, "wildlife": null, "status": null, "target": null, "distanz": null, "name": null, "id": 289 }, "geometry": null },
{ "type": "Feature", "properties": { "segments": "4144,3833,3838,3258,3256,3842", "start": "Heutalbauer", "stop": "Hirscheck", "diff": null, "lit": null, "route": "Reifelrinne", "pvol": "BayerischeAlpen", "prte": "F12", "type": null, "msdd": null, "sri": null, "adiff": null, "sdd": null, "wildlife": null, "status": null, "target": null, "distanz": null, "name": null, "id": 290 }, "geometry": null },
{ "type": "Feature", "properties": { "segments": "4144,3833,2529", "start": "Heutalbauer", "stop": "Vorderlahnerkopf", "diff": null, "lit": null, "route": "Reifelgrube", "pvol": "BayerischeAlpen", "prte": "F12", "type": null, "msdd": null, "sri": null, "adiff": null, "sdd": null, "wildlife": null, "status": null, "target": null, "distanz": null, "name": null, "id": 291 }, "geometry": null },
{ "type": "Feature", "properties": { "segments": "2512,2658,3843,3303,2507", "start": "Heutal", "stop": "Dürnbachhorn", "diff": null, "lit": null, "route": "über die Wildalm", "pvol": "BayerischeAlpen", "prte": "F11b", "type": null, "msdd": null, "sri": null, "adiff": null, "sdd": null, "wildlife": null, "status": null, "target": "P", "distanz": null, "name": null, "id": 292 }, "geometry": null },
{ "type": "Feature", "properties": { "segments": "3832,3325,2506,3843,3303,2507", "start": "Heutal", "stop": "Dürnbachhorn", "diff": null, "lit": null, "route": "über die Skipiste", "pvol": "BayerischeAlpen", "prte": "F11a", "type": null, "msdd": null, "sri": null, "adiff": null, "sdd": null, "wildlife": null, "status": null, "target": null, "distanz": null, "name": null, "id": 293 }, "geometry": null },
{ "type": "Feature", "properties": { "segments": "3304,2503,3849,3848,3932,3930,3929,2509,2505", "start": "Seegatterl", "stop": "Dürnbachhorn", "diff": null, "lit": null, "route": null, "pvol": "BayerischeAlpen", "prte": "F10", "type": null, "msdd": null, "sri": null, "adiff": null, "sdd": null, "wildlife": null, "status": null, "target": null, "distanz": null, "name": null, "id": 294 }, "geometry": null },
{ "type": "Feature", "properties": { "segments": "3304,2503,3849,3848,3932,3930,3929,3928", "start": "Seegatterl", "stop": "Lembergschneid", "diff": null, "lit": null, "route": null, "pvol": "BayerischeAlpen", "prte": "F10a", "type": null, "msdd": null, "sri": null, "adiff": null, "sdd": null, "wildlife": null, "status": null, "target": null, "distanz": null, "name": null, "id": 295 }, "geometry": null },
{ "type": "Feature", "properties": { "segments": "3304,2503,3849,3311,3309,3853,2626", "start": "Seegatterl", "stop": "Winklmoosalm", "diff": null, "lit": null, "route": null, "pvol": null, "prte": null, "type": 1, "msdd": null, "sri": null, "adiff": null, "sdd": null, "wildlife": null, "status": null, "target": null, "distanz": null, "name": null, "id": 296 }, "geometry": null },
{ "type": "Feature", "properties": { "segments": "2626,3305,3852,3851,3925,3855,3854,3927,3929,3928", "start": "Winklmoosalm", "stop": "Lembergschneid", "diff": null, "lit": null, "route": null, "pvol": "BayerischeAlpen", "prte": "F10v", "type": null, "msdd": null, "sri": null, "adiff": null, "sdd": null, "wildlife": null, "status": null, "target": null, "distanz": null, "name": null, "id": 297 }, "geometry": null },
{ "type": "Feature", "properties": { "segments": "2626,3305,3852,3851,3925,3855,3302,2660,3301,2507", "start": "Winklmoosalm", "stop": "Dürnbachhorn", "diff": null, "lit": null, "route": "über die Finsterbachalm", "pvol": "BayerischeAlpen", "prte": "F10b", "type": null, "msdd": null, "sri": null, "adiff": null, "sdd": null, "wildlife": null, "status": null, "target": null, "distanz": null, "name": null, "id": 298 }, "geometry": null },
{ "type": "Feature", "properties": { "segments": "2626,3305,3852,3851,3925,3855,3854,2504,2505", "start": "Winklmoosalm", "stop": "Dürnbachhorn", "diff": null, "lit": null, "route": null, "pvol": "BayerischeAlpen", "prte": "F11v", "type": null, "msdd": null, "sri": null, "adiff": null, "sdd": null, "wildlife": null, "status": null, "target": null, "distanz": null, "name": null, "id": 299 }, "geometry": null },
{ "type": "Feature", "properties": { "segments": "3304,2503,3849,3311,3309,2513,3826,2624", "start": "Seegatterl", "stop": "Steinplatte", "diff": null, "lit": null, "route": null, "pvol": null, "prte": null, "type": null, "msdd": null, "sri": null, "adiff": null, "sdd": null, "wildlife": null, "status": null, "target": null, "distanz": null, "name": null, "id": 300 }, "geometry": null },
{ "type": "Feature", "properties": { "segments": "3304,2503,3849,3311,3309,2513,4256,3313,3824", "start": "Seegatterl", "stop": "Fellhorn", "diff": null, "lit": null, "route": "über Winkelmoosalm", "pvol": "BayerischeAlpen", "prte": "F9v", "type": null, "msdd": null, "sri": null, "adiff": null, "sdd": null, "wildlife": null, "status": null, "target": null, "distanz": null, "name": null, "id": 301 }, "geometry": null },
{ "type": "Feature", "properties": { "segments": "3822,2511,3657,3825,3824", "start": "Seegatterl", "stop": "Fellhorn", "diff": null, "lit": null, "route": null, "pvol": "BayerischeAlpen", "prte": "F9", "type": null, "msdd": null, "sri": null, "adiff": null, "sdd": null, "wildlife": null, "status": null, "target": null, "distanz": null, "name": null, "id": 302 }, "geometry": null },
{ "type": "Feature", "properties": { "segments": "3823,3821,3657,3825,3824", "start": "Hindenburghütte", "stop": "Fellhorn", "diff": null, "lit": null, "route": null, "pvol": null, "prte": null, "type": null, "msdd": null, "sri": null, "adiff": null, "sdd": null, "wildlife": null, "status": null, "target": null, "distanz": null, "name": null, "id": 303 }, "geometry": null },
{ "type": "Feature", "properties": { "segments": "2675,2435,2673,3338", "start": "Priener Hütte", "stop": "Geigelstein", "diff": null, "lit": null, "route": null, "pvol": "BayerischeAlpen", "prte": "E11", "type": 2, "msdd": null, "sri": null, "adiff": null, "sdd": null, "wildlife": null, "status": null, "target": null, "distanz": null, "name": null, "id": 304 }, "geometry": null },
{ "type": "Feature", "properties": { "segments": "2490,2423,2434,2676", "start": "Priener Hütte", "stop": "Breitenstein", "diff": null, "lit": null, "route": null, "pvol": "BayerischeAlpen", "prte": "E17v", "type": 2, "msdd": null, "sri": null, "adiff": null, "sdd": null, "wildlife": null, "status": null, "target": null, "distanz": null, "name": null, "id": 305 }, "geometry": null },
{ "type": "Feature", "properties": { "segments": "2675,2472,2672,3755", "start": "Priener Hütte", "stop": "Mühlhornwand", "diff": null, "lit": null, "route": null, "pvol": "BayerischeAlpen", "prte": "E10v", "type": 2, "msdd": null, "sri": null, "adiff": null, "sdd": null, "wildlife": null, "status": null, "target": null, "distanz": null, "name": null, "id": 306 }, "geometry": null },
{ "type": "Feature", "properties": { "segments": "2436,2492,2671,2464,7257,3754,2495", "start": "Priener Hütte", "stop": "Wandberg", "diff": null, "lit": null, "route": null, "pvol": "BayerischeAlpen", "prte": "E20v", "type": 2, "msdd": null, "sri": null, "adiff": null, "sdd": null, "wildlife": null, "status": null, "target": null, "distanz": null, "name": null, "id": 307 }, "geometry": null },
{ "type": "Feature", "properties": { "segments": "2422,2485,2444,2442,2441,3756,2440,3759,2671,2424,2439,2425,2673,3338", "start": "Sachrang", "stop": "Geigelstein", "diff": null, "lit": null, "route": null, "pvol": "BayerischeAlpen", "prte": "E11v", "type": null, "msdd": null, "sri": null, "adiff": null, "sdd": null, "wildlife": null, "status": null, "target": null, "distanz": null, "name": null, "id": 308 }, "geometry": null },
{ "type": "Feature", "properties": { "segments": "2675,2435,2674,2438", "start": "Priener Hütte", "stop": "Aschentaler Wände", "diff": null, "lit": null, "route": "Rossalmüberschreitung", "pvol": "BayerischeAlpen", "prte": "E15v", "type": 2, "msdd": null, "sri": null, "adiff": null, "sdd": null, "wildlife": null, "status": null, "target": null, "distanz": null, "name": null, "id": 309 }, "geometry": null },
{ "type": "Feature", "properties": { "segments": "3489,4184,7296", "start": "Hainbach", "stop": "Aschentaler Wände", "diff": null, "lit": null, "route": "Weitlahner", "pvol": "BayerischeAlpen", "prte": "E9", "type": null, "msdd": null, "sri": null, "adiff": null, "sdd": null, "wildlife": null, "status": null, "target": null, "distanz": null, "name": null, "id": 310 }, "geometry": null },
{ "type": "Feature", "properties": { "segments": "3491,2429,3490,7296", "start": "Mühlau", "stop": "Aschentaler Wände", "diff": null, "lit": null, "route": "Weitlahner", "pvol": "BayerischeAlpen", "prte": "E15", "type": null, "msdd": null, "sri": null, "adiff": null, "sdd": null, "wildlife": null, "status": null, "target": null, "distanz": null, "name": null, "id": 311 }, "geometry": null },
{ "type": "Feature", "properties": { "segments": "3491,3492,7346", "start": "Mühlau", "stop": "Bauernwand", "diff": null, "lit": null, "route": null, "pvol": "BayerischeAlpen", "prte": "E14", "type": null, "msdd": null, "sri": null, "adiff": null, "sdd": null, "wildlife": null, "status": null, "target": "PS", "distanz": null, "name": null, "id": 312 }, "geometry": null },
{ "type": "Feature", "properties": { "segments": "7297", "start": "Aigen", "stop": "Erlbergkopf", "diff": null, "lit": null, "route": null, "pvol": "BayerischeAlpen", "prte": "E12b", "type": null, "msdd": null, "sri": null, "adiff": null, "sdd": null, "wildlife": null, "status": null, "target": "PS", "distanz": null, "name": null, "id": 313 }, "geometry": null },
{ "type": "Feature", "properties": { "segments": "3503,3504,2617,2618", "start": "Hohenaschau", "stop": "Kampenwand", "diff": null, "lit": null, "route": null, "pvol": "BayerischeAlpen", "prte": "E8", "type": null, "msdd": null, "sri": null, "adiff": null, "sdd": null, "wildlife": null, "status": null, "target": "PS", "distanz": null, "name": null, "id": 314 }, "geometry": null },
{ "type": "Feature", "properties": { "segments": "3481", "start": "Unterwössen", "stop": "Hochgern", "diff": null, "lit": null, "route": null, "pvol": "BayerischeAlpen", "prte": "F1", "type": null, "msdd": null, "sri": null, "adiff": null, "sdd": null, "wildlife": null, "status": null, "target": "PS", "distanz": null, "name": null, "id": 315 }, "geometry": null },
{ "type": "Feature", "properties": { "segments": "3252,3253,2520,2521,3233,3234,3861,3862,2657", "start": "Jochberg", "stop": "Zennokopf", "diff": null, "lit": null, "route": null, "pvol": "BayerischeAlpen", "prte": "F15a", "type": null, "msdd": null, "sri": null, "adiff": null, "sdd": null, "wildlife": null, "status": null, "target": null, "distanz": null, "name": null, "id": 316 }, "geometry": null },
{ "type": "Feature", "properties": { "segments": "3858,2657,2655,2656", "start": "Adlgaß", "stop": "Zwiesel", "diff": null, "lit": null, "route": null, "pvol": "BayerischeAlpen", "prte": "F16", "type": null, "msdd": null, "sri": null, "adiff": null, "sdd": null, "wildlife": null, "status": null, "target": "PS", "distanz": null, "name": null, "id": 317 }, "geometry": null },
{ "type": "Feature", "properties": { "segments": "2522,2523,3933,3769,2514,2525,2526", "start": "Aschenau", "stop": "Hinterer Rauschberg", "diff": null, "lit": null, "route": "Rossgasse", "pvol": "BayerischeAlpen", "prte": "F7", "type": null, "msdd": null, "sri": null, "adiff": null, "sdd": null, "wildlife": null, "status": null, "target": null, "distanz": null, "name": null, "id": 318 }, "geometry": null },
{ "type": "Feature", "properties": { "segments": "3287,3941,3942", "start": "Glockenschmied", "stop": "Gröhrkopf", "diff": null, "lit": null, "route": null, "pvol": "BayerischeAlpen", "prte": "F4", "type": null, "msdd": null, "sri": null, "adiff": null, "sdd": null, "wildlife": null, "status": null, "target": "PS", "distanz": null, "name": null, "id": 319 }, "geometry": null },
{ "type": "Feature", "properties": { "segments": "2862,3290,7299", "start": "Hinterbrand", "stop": "Gröhrkopf", "diff": null, "lit": null, "route": null, "pvol": "BayerischeAlpen", "prte": "F4a", "type": null, "msdd": null, "sri": null, "adiff": null, "sdd": null, "wildlife": null, "status": null, "target": "PS", "distanz": null, "name": null, "id": 320 }, "geometry": null },
{ "type": "Feature", "properties": { "segments": "3472,3953,3958,3952,3473,2410,2458", "start": "Grainbach", "stop": "Hochries", "diff": null, "lit": null, "route": "Glenggraben", "pvol": "BayerischeAlpen", "prte": "E4", "type": null, "msdd": null, "sri": null, "adiff": null, "sdd": null, "wildlife": null, "status": null, "target": "P", "distanz": null, "name": null, "id": 321 }, "geometry": null },
{ "type": "Feature", "properties": { "segments": "3472,3953,3958,3952,3474", "start": "Grainbach", "stop": "Hochries", "diff": null, "lit": null, "route": "Direkte Nordroute", "pvol": "BayerischeAlpen", "prte": "E4a", "type": null, "msdd": null, "sri": null, "adiff": null, "sdd": null, "wildlife": null, "status": null, "target": "P", "distanz": null, "name": null, "id": 322 }, "geometry": null },
{ "type": "Feature", "properties": { "segments": "2408,2488,3476,2489,3475,2406,2967,2411,4259,2414", "start": "Frasdorf", "stop": "Predigtstuhl", "diff": null, "lit": null, "route": "über Abereck", "pvol": "BayerischeAlpen", "prte": "E5", "type": null, "msdd": null, "sri": null, "adiff": null, "sdd": null, "wildlife": null, "status": null, "target": null, "distanz": null, "name": null, "id": 323 }, "geometry": null },
{ "type": "Feature", "properties": { "segments": "3493", "start": "Hainbach", "stop": "Zinnenberg", "diff": null, "lit": null, "route": null, "pvol": "BayerischeAlpen", "prte": "E6", "type": null, "msdd": null, "sri": null, "adiff": null, "sdd": null, "wildlife": null, "status": null, "target": "PS", "distanz": null, "name": null, "id": 324 }, "geometry": null },
{ "type": "Feature", "properties": { "segments": "3455,7300,7301,3456", "start": "St. Margarethen", "stop": "Hochsalwand", "diff": null, "lit": null, "route": "über Lechneralm", "pvol": "BayerischeAlpen", "prte": "C3", "type": null, "msdd": null, "sri": null, "adiff": null, "sdd": null, "wildlife": null, "status": null, "target": "PS", "distanz": null, "name": null, "id": 325 }, "geometry": null },
{ "type": "Feature", "properties": { "segments": "3496,3498,2261,2611", "start": "Osterhofen", "stop": "Lacherspitze", "diff": null, "lit": null, "route": null, "pvol": "BayerischeAlpen", "prte": "C8", "type": null, "msdd": null, "sri": null, "adiff": null, "sdd": null, "wildlife": null, "status": null, "target": "PS", "distanz": null, "name": null, "id": 326 }, "geometry": null },
{ "type": "Feature", "properties": { "segments": "2909,3524,2883,2865,2261,2611", "start": "Brannenburg", "stop": "Lacherspitze", "diff": null, "lit": null, "route": "", "pvol": "BayerischeAlpen", "prte": "C4v", "type": null, "msdd": null, "sri": null, "adiff": null, "sdd": null, "wildlife": null, "status": null, "target": "PS", "distanz": null, "name": null, "id": 327 }, "geometry": null },
{ "type": "Feature", "properties": { "segments": "2909,3524,3458,3457", "start": "Brannenburg", "stop": "Wendelstein-Hotel", "diff": null, "lit": null, "route": "über Reindleralm", "pvol": "BayerischeAlpen", "prte": "C4", "type": null, "msdd": null, "sri": null, "adiff": null, "sdd": null, "wildlife": null, "status": null, "target": "PS", "distanz": null, "name": null, "id": 328 }, "geometry": null },
{ "type": "Feature", "properties": { "segments": "3453,3452,2696,2298,3734,3736,3735", "start": "Waldparkplatz Tatzelwurm", "stop": "Großer Traithen", "diff": null, "lit": null, "route": null, "pvol": "BayerischeAlpen", "prte": "C12", "type": null, "msdd": null, "sri": null, "adiff": null, "sdd": null, "wildlife": null, "status": null, "target": null, "distanz": null, "name": null, "id": 329 }, "geometry": null },
{ "type": "Feature", "properties": { "segments": "3451", "start": "Buchau", "stop": "Peterskopf", "diff": null, "lit": null, "route": null, "pvol": "BayerischeAlpen", "prte": "C15", "type": null, "msdd": null, "sri": null, "adiff": null, "sdd": null, "wildlife": null, "status": null, "target": "PS", "distanz": null, "name": null, "id": 330 }, "geometry": null },
{ "type": "Feature", "properties": { "segments": "3466,3465,2372,2353", "start": "Blauwandhütte", "stop": "Österreichischer Schinder", "diff": null, "lit": null, "route": null, "pvol": "BayerischeAlpen", "prte": "A13", "type": null, "msdd": null, "sri": null, "adiff": null, "sdd": null, "wildlife": null, "status": null, "target": null, "distanz": null, "name": null, "id": 331 }, "geometry": null },
{ "type": "Feature", "properties": { "segments": "3403,3407,3415,2292,2713,3525", "start": "Geitau", "stop": "Auerspitze", "diff": null, "lit": null, "route": "über den Soinsee", "pvol": "BayerischeAlpen", "prte": "B15v", "type": null, "msdd": null, "sri": null, "adiff": null, "sdd": null, "wildlife": null, "status": null, "target": null, "distanz": null, "name": null, "id": 332 }, "geometry": null },
{ "type": "Feature", "properties": { "segments": "3403,3407,3408,7307,3411", "start": "Geitau", "stop": "Hochmiesing", "diff": null, "lit": null, "route": "Nordrinne", "pvol": "BayerischeAlpen", "prte": "B15", "type": null, "msdd": null, "sri": null, "adiff": null, "sdd": null, "wildlife": null, "status": null, "target": "PS", "distanz": null, "name": null, "id": 333 }, "geometry": null },
{ "type": "Feature", "properties": { "segments": "2710,3427,2393,2711,2279,7342,7308,7309", "start": "Spitzingsee", "stop": "Lämpersberg", "diff": null, "lit": null, "route": null, "pvol": "BayerischeAlpen", "prte": "B11", "type": null, "msdd": null, "sri": null, "adiff": null, "sdd": null, "wildlife": null, "status": null, "target": "PS", "distanz": null, "name": null, "id": 334 }, "geometry": null },
{ "type": "Feature", "properties": { "segments": "7314,7315", "start": "Kistenwinterstube", "stop": "Bodenschneid", "diff": null, "lit": null, "route": "Sommerweg", "pvol": "BayerischeAlpen", "prte": "A14a", "type": null, "msdd": null, "sri": null, "adiff": null, "sdd": null, "wildlife": null, "status": null, "target": "PS", "distanz": null, "name": null, "id": 335 }, "geometry": null },
{ "type": "Feature", "properties": { "segments": "2920,2338,2339", "start": "Schwaigeralm", "stop": "Risserkogel Skidepot", "diff": null, "lit": null, "route": null, "pvol": "BayerischeAlpen", "prte": "A8", "type": null, "msdd": null, "sri": null, "adiff": null, "sdd": null, "wildlife": null, "status": null, "target": null, "distanz": null, "name": null, "id": 336 }, "geometry": null },
{ "type": "Feature", "properties": { "segments": "2593,3433,2742,2741", "start": "Scharling", "stop": "Hirschberg", "diff": null, "lit": null, "route": null, "pvol": "BayerischeAlpen", "prte": "A2", "type": null, "msdd": null, "sri": null, "adiff": null, "sdd": null, "wildlife": null, "status": null, "target": null, "distanz": null, "name": null, "id": 337 }, "geometry": null },
{ "type": "Feature", "properties": { "segments": "2879,2880,2341,2738,2584,2739", "start": "Sonnenbichl", "stop": "Fockenstein", "diff": null, "lit": null, "route": "über die Aueralm", "pvol": "BayerischeAlpen", "prte": "A1", "type": null, "msdd": null, "sri": null, "adiff": null, "sdd": null, "wildlife": null, "status": null, "target": null, "distanz": null, "name": null, "id": 338 }, "geometry": null },
{ "type": "Feature", "properties": { "segments": "2337,2755,2756,2358", "start": "Klamm", "stop": "Schildenstein", "diff": null, "lit": null, "route": null, "pvol": "BayerischeAlpen", "prte": "A7", "type": null, "msdd": null, "sri": null, "adiff": null, "sdd": null, "wildlife": null, "status": null, "target": null, "distanz": null, "name": null, "id": 339 }, "geometry": null },
{ "type": "Feature", "properties": { "segments": "3561,2319,2639,2636,2365,2642,2364", "start": "Winterstube", "stop": "Seekarkreuz", "diff": null, "lit": null, "route": "über Rauhalm", "pvol": "BayerischeAlpen", "prte": "A6", "type": null, "msdd": null, "sri": null, "adiff": null, "sdd": null, "wildlife": null, "status": null, "target": null, "distanz": null, "name": null, "id": 340 }, "geometry": null },
{ "type": "Feature", "properties": { "segments": "3561,2319,2639,2636,2635,2314,3434,2588,2368,3388,3387,3386", "start": "Winterstube", "stop": "Schönberg", "diff": null, "lit": null, "route": "über Rauhalm", "pvol": "BayerischeAlpen", "prte": "A5", "type": null, "msdd": null, "sri": null, "adiff": null, "sdd": null, "wildlife": null, "status": null, "target": null, "distanz": null, "name": null, "id": 341 }, "geometry": null },
{ "type": "Feature", "properties": { "segments": "3561,2319,3435,2752,2361,2751,4129,7317", "start": "Winterstube", "stop": "Sonnberg", "diff": null, "lit": null, "route": null, "pvol": "BayerischeAlpen", "prte": "A4", "type": null, "msdd": null, "sri": null, "adiff": null, "sdd": null, "wildlife": null, "status": null, "target": "PS", "distanz": null, "name": null, "id": 342 }, "geometry": null },
{ "type": "Feature", "properties": { "segments": "3561,2319,3435,2752,2361,2751,2754,3437,2318,7316,7317", "start": "Winterstube", "stop": "Sonnberg", "diff": null, "lit": null, "route": "Buchsteinreibn", "pvol": "BayerischeAlpen", "prte": "A4", "type": null, "msdd": null, "sri": null, "adiff": null, "sdd": null, "wildlife": null, "status": null, "target": "PS", "distanz": null, "name": null, "id": 343 }, "geometry": null },
{ "type": "Feature", "properties": { "segments": "3561,2319,3435,2752,2361,2751,2754,3437,2318,2644,3365", "start": "Winterstube", "stop": "Hochplatte", "diff": null, "lit": null, "route": "über Buchsteinhütte", "pvol": "BayerischeAlpen", "prte": "A3", "type": null, "msdd": null, "sri": null, "adiff": null, "sdd": null, "wildlife": null, "status": null, "target": null, "distanz": null, "name": null, "id": 344 }, "geometry": null },
{ "type": "Feature", "properties": { "segments": "2632,2590,2633,2317,2748,3389,2368,3388,3387,3386", "start": "Fleck", "stop": "Schönberg", "diff": null, "lit": null, "route": null, "pvol": "KWR", "prte": "J4", "type": null, "msdd": null, "sri": null, "adiff": null, "sdd": null, "wildlife": null, "status": null, "target": null, "distanz": null, "name": null, "id": 345 }, "geometry": null },
{ "type": "Feature", "properties": { "segments": "2123,1808,7318,1779", "start": "Fall", "stop": "Östliches Torjoch", "diff": null, "lit": null, "route": null, "pvol": "Karwendel", "prte": "C4", "type": null, "msdd": null, "sri": null, "adiff": null, "sdd": null, "wildlife": null, "status": null, "target": "P", "distanz": null, "name": null, "id": 346 }, "geometry": null },
{ "type": "Feature", "properties": { "segments": "2123,1808,1780,7319", "start": "Fall", "stop": "Lerchkogel", "diff": null, "lit": null, "route": "Forststraße", "pvol": "Karwendel", "prte": "C3v", "type": null, "msdd": null, "sri": null, "adiff": null, "sdd": null, "wildlife": null, "status": null, "target": null, "distanz": null, "name": null, "id": 347 }, "geometry": null },
{ "type": "Feature", "properties": { "segments": "2123,1809,7244,1876", "start": "Fall", "stop": "Demeljoch", "diff": null, "lit": null, "route": null, "pvol": "Karwendel", "prte": "C1", "type": null, "msdd": null, "sri": null, "adiff": null, "sdd": null, "wildlife": null, "status": null, "target": "P", "distanz": null, "name": null, "id": 348 }, "geometry": null },
{ "type": "Feature", "properties": { "segments": "2123,1809,7244,4094", "start": "Fall", "stop": "Zotenjoch", "diff": null, "lit": null, "route": null, "pvol": "Karwendel", "prte": "C2", "type": null, "msdd": null, "sri": null, "adiff": null, "sdd": null, "wildlife": null, "status": null, "target": null, "distanz": null, "name": null, "id": 349 }, "geometry": null },
{ "type": "Feature", "properties": { "segments": "2123,1809,7245", "start": "Fall", "stop": "Juifen", "diff": null, "lit": null, "route": null, "pvol": null, "prte": null, "type": null, "msdd": null, "sri": null, "adiff": null, "sdd": null, "wildlife": null, "status": null, "target": null, "distanz": null, "name": null, "id": 350 }, "geometry": null },
{ "type": "Feature", "properties": { "segments": "1592,1547,1521,1487,1446", "start": "Oswaldhütte", "stop": "Schafreuter", "diff": null, "lit": null, "route": null, "pvol": "Karwendel", "prte": "C5", "type": null, "msdd": null, "sri": null, "adiff": null, "sdd": null, "wildlife": null, "status": null, "target": null, "distanz": null, "name": null, "id": 351 }, "geometry": null },
{ "type": "Feature", "properties": { "segments": "1156,1158", "start": "Hinterriss", "stop": "Schönalmjoch", "diff": null, "lit": null, "route": null, "pvol": "Karwendel", "prte": "C6", "type": null, "msdd": null, "sri": null, "adiff": null, "sdd": null, "wildlife": null, "status": null, "target": null, "distanz": null, "name": null, "id": 352 }, "geometry": null },
{ "type": "Feature", "properties": { "segments": "1040,1017,1032", "start": "Hinterriss", "stop": "Hochalplkopf", "diff": null, "lit": null, "route": null, "pvol": "Karwendel", "prte": "C7", "type": null, "msdd": null, "sri": null, "adiff": null, "sdd": null, "wildlife": null, "status": null, "target": null, "distanz": null, "name": null, "id": 353 }, "geometry": null },
{ "type": "Feature", "properties": { "segments": "1040,1017,1003", "start": "Hinterriss", "stop": "Rappenklammspitze", "diff": null, "lit": null, "route": null, "pvol": "Karwendel", "prte": "C8", "type": null, "msdd": null, "sri": null, "adiff": null, "sdd": null, "wildlife": null, "status": null, "target": null, "distanz": null, "name": null, "id": 354 }, "geometry": null },
{ "type": "Feature", "properties": { "segments": "1040,968,4127", "start": "Hinterriss", "stop": "Torscharte", "diff": null, "lit": null, "route": "durchs Rohntal", "pvol": "Karwendel", "prte": "C9", "type": null, "msdd": null, "sri": null, "adiff": null, "sdd": null, "wildlife": null, "status": null, "target": null, "distanz": null, "name": null, "id": 355 }, "geometry": null },
{ "type": "Feature", "properties": { "segments": "979,4127", "start": "Hinterriss", "stop": "Torscharte", "diff": null, "lit": null, "route": "durchs Tortal", "pvol": "Karwendel", "prte": "C9", "type": null, "msdd": null, "sri": null, "adiff": null, "sdd": null, "wildlife": null, "status": null, "target": null, "distanz": null, "name": null, "id": 356 }, "geometry": null },
{ "type": "Feature", "properties": { "segments": "773,833,768,731,720,685,4123,679", "start": "Mittenwald", "stop": "Nördliche Linderspitze", "diff": null, "lit": null, "route": "Dammkar", "pvol": "Karwendel", "prte": "D6", "type": null, "msdd": null, "sri": null, "adiff": null, "sdd": null, "wildlife": null, "status": null, "target": null, "distanz": null, "name": null, "id": 357 }, "geometry": null },
{ "type": "Feature", "properties": { "segments": "7193", "start": "Eibsee", "stop": "Riffelriss", "diff": null, "lit": null, "route": null, "pvol": "Karwendel", "prte": "F11", "type": null, "msdd": null, "sri": null, "adiff": null, "sdd": null, "wildlife": null, "status": null, "target": "PS", "distanz": null, "name": null, "id": 358 }, "geometry": null },
{ "type": "Feature", "properties": { "segments": "1484,1627", "start": "Ochsenhütte", "stop": "Friederspitz", "diff": null, "lit": null, "route": null, "pvol": null, "prte": null, "type": null, "msdd": null, "sri": null, "adiff": null, "sdd": null, "wildlife": null, "status": null, "target": "PS", "distanz": null, "name": null, "id": 359 }, "geometry": null },
{ "type": "Feature", "properties": { "segments": "1725,1823,1829,1881,1908,3560,1987,1982", "start": "Ammerwald", "stop": "Krähe", "diff": null, "lit": null, "route": "Schwangauer Kessel", "pvol": null, "prte": null, "type": null, "msdd": null, "sri": null, "adiff": null, "sdd": null, "wildlife": null, "status": null, "target": null, "distanz": null, "name": null, "id": 360 }, "geometry": null },
{ "type": "Feature", "properties": { "segments": "1725,1823,1829,1881,1905,1910,1946,7238", "start": "Ammerwald", "stop": "Roggentalsattel", "diff": null, "lit": null, "route": null, "pvol": null, "prte": null, "type": null, "msdd": null, "sri": null, "adiff": null, "sdd": null, "wildlife": null, "status": null, "target": null, "distanz": null, "name": null, "id": 361 }, "geometry": null },
{ "type": "Feature", "properties": { "segments": "1725,1823,1829,1881,1905,1919", "start": "Ammerwald", "stop": "Hochblasse", "diff": null, "lit": null, "route": "Westgrat", "pvol": "Karwendel", "prte": "H19", "type": null, "msdd": null, "sri": null, "adiff": null, "sdd": null, "wildlife": null, "status": null, "target": null, "distanz": null, "name": null, "id": 362 }, "geometry": null },
{ "type": "Feature", "properties": { "segments": "1725,1739,1720", "start": "Ammerwald", "stop": "Ochsenälpeleskopf", "diff": null, "lit": null, "route": "Grenzschneise", "pvol": "Karwendel", "prte": "H17a", "type": null, "msdd": null, "sri": null, "adiff": null, "sdd": null, "wildlife": null, "status": null, "target": null, "distanz": null, "name": null, "id": 363 }, "geometry": null },
{ "type": "Feature", "properties": { "segments": "1725,1823,1822,1806,1764,1720", "start": "Ammerwald", "stop": "Ochsenälpeleskopf", "diff": null, "lit": null, "route": null, "pvol": "Karwendel", "prte": "H17", "type": null, "msdd": null, "sri": null, "adiff": null, "sdd": null, "wildlife": null, "status": null, "target": null, "distanz": null, "name": null, "id": 364 }, "geometry": null },
{ "type": "Feature", "properties": { "segments": "2020,1845,1844,1819,1836,1828,1806,1764,1720", "start": "Hohenschwangau", "stop": "Ochsenälpeleskopf", "diff": null, "lit": null, "route": "über die Hirschwangalm", "pvol": null, "prte": null, "type": null, "msdd": null, "sri": null, "adiff": null, "sdd": null, "wildlife": null, "status": null, "target": null, "distanz": null, "name": null, "id": 365 }, "geometry": null },
{ "type": "Feature", "properties": { "segments": "1777,1734,1686,1639,1624", "start": "Urwaldalpe", "stop": "Westlicher Geierkopf", "diff": null, "lit": null, "route": null, "pvol": "Karwendel", "prte": "H16", "type": null, "msdd": null, "sri": null, "adiff": null, "sdd": null, "wildlife": null, "status": null, "target": null, "distanz": null, "name": null, "id": 366 }, "geometry": null },
{ "type": "Feature", "properties": { "segments": "4119,2165,4120", "start": "Pfronten", "stop": "Breitenberg", "diff": null, "lit": null, "route": "Nordrinne", "pvol": "Lechtaler", "prte": "L5", "type": null, "msdd": null, "sri": null, "adiff": null, "sdd": null, "wildlife": null, "status": null, "target": "PS", "distanz": null, "name": null, "id": 367 }, "geometry": null },
{ "type": "Feature", "properties": { "segments": "1894,1940,3892,3891,1971", "start": "Fallmühle", "stop": "Breitenberg", "diff": null, "lit": null, "route": "Direktroute", "pvol": "Lechtaler", "prte": "L2", "type": null, "msdd": null, "sri": null, "adiff": null, "sdd": null, "wildlife": null, "status": null, "target": "P", "distanz": null, "name": null, "id": 368 }, "geometry": null },
{ "type": "Feature", "properties": { "segments": "3105,4121,7198,1943,1969,1972", "start": "Pfronten-Steinach", "stop": "Breitenberg", "diff": null, "lit": null, "route": null, "pvol": null, "prte": null, "type": null, "msdd": null, "sri": null, "adiff": null, "sdd": null, "wildlife": null, "status": null, "target": null, "distanz": null, "name": null, "id": 369 }, "geometry": null },
{ "type": "Feature", "properties": { "segments": "1907,3889,3981,1852,1855,1864,1869,1858,1857,1867,1868,1883,1900", "start": "Fallmühle", "stop": "Schönkahler", "diff": null, "lit": null, "route": null, "pvol": null, "prte": null, "type": null, "msdd": null, "sri": null, "adiff": null, "sdd": null, "wildlife": null, "status": null, "target": null, "distanz": null, "name": null, "id": 370 }, "geometry": null },
{ "type": "Feature", "properties": { "segments": "1691,1700,1882,1900", "start": "Gasthof Zugspitzblick", "stop": "Schönkahler", "diff": null, "lit": null, "route": null, "pvol": null, "prte": null, "type": null, "msdd": null, "sri": null, "adiff": null, "sdd": null, "wildlife": null, "status": null, "target": null, "distanz": null, "name": null, "id": 371 }, "geometry": null },
{ "type": "Feature", "properties": { "segments": "1703,1882,1900", "start": "Schattwald", "stop": "Schönkahler", "diff": null, "lit": null, "route": null, "pvol": null, "prte": null, "type": null, "msdd": null, "sri": null, "adiff": null, "sdd": null, "wildlife": null, "status": null, "target": null, "distanz": null, "name": null, "id": 372 }, "geometry": null },
{ "type": "Feature", "properties": { "segments": "1437,1416,1335,3685,3686,4101,1317,7222,7223,3692,1172,1070,1080", "start": "Tannheim", "stop": "Gaishorn", "diff": null, "lit": null, "route": "", "pvol": "Allgaeu", "prte": "I6", "type": null, "msdd": null, "sri": null, "adiff": null, "sdd": null, "wildlife": null, "status": null, "target": null, "distanz": null, "name": null, "id": 373 }, "geometry": null },
{ "type": "Feature", "properties": { "segments": "1437,1417,1335,3685,3686,1318,3684,3690,3689,1310,7220,3692,3691", "start": "Tannheim", "stop": "Schnurschrofen", "diff": null, "lit": null, "route": null, "pvol": null, "prte": null, "type": null, "msdd": null, "sri": null, "adiff": null, "sdd": null, "wildlife": null, "status": null, "target": null, "distanz": null, "name": null, "id": 374 }, "geometry": null },
{ "type": "Feature", "properties": { "segments": "1540,1399,1270,1267,1284", "start": "Zöblen", "stop": "Ponten", "diff": null, "lit": null, "route": "über Zirlsegg", "pvol": null, "prte": null, "type": null, "msdd": null, "sri": null, "adiff": null, "sdd": null, "wildlife": null, "status": null, "target": null, "distanz": null, "name": null, "id": 375 }, "geometry": null },
{ "type": "Feature", "properties": { "segments": "1427,7321", "start": "Zöblen", "stop": "Rohnenspitze", "diff": null, "lit": null, "route": "Nordroute", "pvol": "Allgaeu", "prte": "I5.3", "type": null, "msdd": null, "sri": null, "adiff": null, "sdd": null, "wildlife": null, "status": null, "target": null, "distanz": null, "name": null, "id": 376 }, "geometry": null },
{ "type": "Feature", "properties": { "segments": "1540,1400,1349", "start": "Zöblen", "stop": "Rohnenspitze", "diff": null, "lit": null, "route": "Nordwestrücken", "pvol": "Allgaeu", "prte": "I5.1", "type": null, "msdd": null, "sri": null, "adiff": null, "sdd": null, "wildlife": null, "status": null, "target": null, "distanz": null, "name": null, "id": 377 }, "geometry": null },
{ "type": "Feature", "properties": { "segments": "1540,1399,1322", "start": "Zöblen", "stop": "Rohnenspitze", "diff": null, "lit": null, "route": "über Zirlesegg", "pvol": "Allgaeu", "prte": "I5.2", "type": null, "msdd": null, "sri": null, "adiff": null, "sdd": null, "wildlife": null, "status": null, "target": null, "distanz": null, "name": null, "id": 378 }, "geometry": null },
{ "type": "Feature", "properties": { "segments": "1626,1601,3682,3681", "start": "Schattwald", "stop": "Bschießer", "diff": null, "lit": null, "route": "über den Südostgrat", "pvol": "Allgaeu", "prte": "I2.2", "type": null, "msdd": null, "sri": null, "adiff": null, "sdd": null, "wildlife": null, "status": null, "target": "P", "distanz": null, "name": null, "id": 379 }, "geometry": null },
{ "type": "Feature", "properties": { "segments": "1626,1600,1498,1435,1366,1356", "start": "Schattwald", "stop": "Bschießer", "diff": null, "lit": null, "route": "Nordostrinne", "pvol": null, "prte": null, "type": null, "msdd": null, "sri": null, "adiff": null, "sdd": null, "wildlife": null, "status": null, "target": null, "distanz": null, "name": null, "id": 380 }, "geometry": null },
{ "type": "Feature", "properties": { "segments": "1626,1600,1497,1425,1366,1356", "start": "Schattwald", "stop": "Bschießer", "diff": null, "lit": null, "route": "über die Obere Stuibenalpe", "pvol": "Allgaeu", "prte": "I2.1", "type": null, "msdd": null, "sri": null, "adiff": null, "sdd": null, "wildlife": null, "status": null, "target": null, "distanz": null, "name": null, "id": 381 }, "geometry": null },
{ "type": "Feature", "properties": { "segments": "7322,1544,1545,1546,7199,1527", "start": "Schattwald", "stop": "Kühgundkopf", "diff": null, "lit": null, "route": "Pistenaufstieg", "pvol": "Allgaeu", "prte": "I1.1v", "type": null, "msdd": null, "sri": null, "adiff": null, "sdd": null, "wildlife": null, "status": null, "target": null, "distanz": null, "name": null, "id": 382 }, "geometry": null },
{ "type": "Feature", "properties": { "segments": "1565,1545,3982,1561,1527", "start": "Wannenjochbahn", "stop": "Kühgundkopf", "diff": null, "lit": null, "route": "über Kühgundspitze", "pvol": "Allgaeu", "prte": "I1.1", "type": null, "msdd": null, "sri": null, "adiff": null, "sdd": null, "wildlife": null, "status": null, "target": null, "distanz": null, "name": null, "id": 383 }, "geometry": null },
{ "type": "Feature", "properties": { "segments": "1626,1600,1497,1424,1464,4118", "start": "Schattwald", "stop": "Iseler", "diff": null, "lit": null, "route": "durch das Stuibental", "pvol": "Allgaeu", "prte": "I1.4", "type": null, "msdd": null, "sri": null, "adiff": null, "sdd": null, "wildlife": null, "status": null, "target": null, "distanz": null, "name": null, "id": 384 }, "geometry": null },
{ "type": "Feature", "properties": { "segments": "1654,1496,1472,4118,1515", "start": "Oberjoch", "stop": "Kühgundkopf", "diff": null, "lit": null, "route": "Überschreitung vom Iseler", "pvol": null, "prte": null, "type": null, "msdd": null, "sri": null, "adiff": null, "sdd": null, "wildlife": null, "status": null, "target": null, "distanz": null, "name": null, "id": 385 }, "geometry": null },
{ "type": "Feature", "properties": { "segments": "2101,2183,2184,4035,2107,2091,2062,2011", "start": "Graswangtal", "stop": "Hochplatte", "diff": null, "lit": null, "route": null, "pvol": "KWR", "prte": "H11", "type": null, "msdd": null, "sri": null, "adiff": null, "sdd": null, "wildlife": null, "status": null, "target": null, "distanz": null, "name": null, "id": 386 }, "geometry": null },
{ "type": "Feature", "properties": { "segments": "1458,1403,1520,1657,1634,3536,3537,1715,1833", "start": "Garmisch", "stop": "Bischof", "diff": null, "lit": null, "route": null, "pvol": "KWR", "prte": "I3", "type": null, "msdd": null, "sri": null, "adiff": null, "sdd": null, "wildlife": null, "status": null, "target": "P", "distanz": null, "name": null, "id": 387 }, "geometry": null },
{ "type": "Feature", "properties": { "segments": "1458,1403,1520,1657,1634,3536,3537,1715,1895,1896", "start": "Garmisch", "stop": "Krottenkopf", "diff": null, "lit": null, "route": null, "pvol": "KWR", "prte": "I4", "type": null, "msdd": null, "sri": null, "adiff": null, "sdd": null, "wildlife": null, "status": null, "target": "P", "distanz": null, "name": null, "id": 388 }, "geometry": null },
{ "type": "Feature", "properties": { "segments": "2234,3363,3362,3360", "start": "Wegscheid", "stop": "Brauneck", "diff": null, "lit": null, "route": null, "pvol": "KWR", "prte": "J5", "type": null, "msdd": null, "sri": null, "adiff": null, "sdd": null, "wildlife": null, "status": null, "target": null, "distanz": null, "name": null, "id": 389 }, "geometry": null },
{ "type": "Feature", "properties": { "segments": "3464", "start": "Marienstein", "stop": "Rechelkopf", "diff": null, "lit": null, "route": null, "pvol": "KWR", "prte": "J1", "type": null, "msdd": null, "sri": null, "adiff": null, "sdd": null, "wildlife": null, "status": null, "target": null, "distanz": null, "name": null, "id": 390 }, "geometry": null },
{ "type": "Feature", "properties": { "segments": "3709,3583,2157,3584,3585,2577,2784,2783,2782,2578", "start": "Nesselwang", "stop": "Edelsberg", "diff": null, "lit": null, "route": null, "pvol": null, "prte": null, "type": null, "msdd": null, "sri": null, "adiff": null, "sdd": null, "wildlife": null, "status": null, "target": null, "distanz": null, "name": null, "id": 391 }, "geometry": null },
{ "type": "Feature", "properties": { "segments": "2146,2778,2579,2149", "start": "Wertachtal", "stop": "Reuter Wanne", "diff": null, "lit": null, "route": null, "pvol": "Allgaeu", "prte": "J1", "type": null, "msdd": null, "sri": null, "adiff": null, "sdd": null, "wildlife": null, "status": null, "target": null, "distanz": null, "name": null, "id": 392 }, "geometry": null },
{ "type": "Feature", "properties": { "segments": "3675,3677", "start": "Bad Hindelang", "stop": "Boaleskopf", "diff": null, "lit": null, "route": null, "pvol": null, "prte": null, "type": null, "msdd": null, "sri": null, "adiff": null, "sdd": null, "wildlife": null, "status": null, "target": "S", "distanz": null, "name": null, "id": 393 }, "geometry": null },
{ "type": "Feature", "properties": { "segments": "863,813,832,843,882,894,934", "start": "Reichenbach", "stop": "Schnippenkopf", "diff": null, "lit": null, "route": null, "pvol": "Allgaeu", "prte": "J6", "type": null, "msdd": null, "sri": null, "adiff": null, "sdd": null, "wildlife": null, "status": null, "target": null, "distanz": null, "name": null, "id": 394 }, "geometry": null },
{ "type": "Feature", "properties": { "segments": "3674,897,892,862,812,809,808", "start": "Bad Oberdorf", "stop": "Entschenkopf", "diff": null, "lit": null, "route": "Nordroute", "pvol": "Allgaeu", "prte": "F6.1", "type": null, "msdd": null, "sri": null, "adiff": null, "sdd": null, "wildlife": null, "status": null, "target": null, "distanz": null, "name": null, "id": 395 }, "geometry": null },
{ "type": "Feature", "properties": { "segments": "3994,1152,3993,1047,977,7326", "start": "Hinterstein", "stop": "Heubatspitze", "diff": null, "lit": null, "route": null, "pvol": "Allgaeu", "prte": "H3", "type": null, "msdd": null, "sri": null, "adiff": null, "sdd": null, "wildlife": null, "status": null, "target": "PS", "distanz": null, "name": null, "id": 396 }, "geometry": null },
{ "type": "Feature", "properties": { "segments": "689,3600,728,755,3602,3595,3594,848,890,3596", "start": "Giebelhaus", "stop": "Kleiner Daumen", "diff": null, "lit": null, "route": null, "pvol": "Allgaeu", "prte": "G5", "type": null, "msdd": null, "sri": null, "adiff": null, "sdd": null, "wildlife": null, "status": null, "target": null, "distanz": null, "name": null, "id": 397 }, "geometry": null },
{ "type": "Feature", "properties": { "segments": "689,690,684,655,643", "start": "Giebelhaus", "stop": "Laufbacher Eck", "diff": null, "lit": null, "route": null, "pvol": "Allgaeu", "prte": "G6.1", "type": null, "msdd": null, "sri": null, "adiff": null, "sdd": null, "wildlife": null, "status": null, "target": "PS", "distanz": null, "name": null, "id": 398 }, "geometry": null },
{ "type": "Feature", "properties": { "segments": "649,3598,3704,3706", "start": "Nebelhornbahn", "stop": "Großer Seekopf", "diff": null, "lit": null, "route": null, "pvol": "Allgaeu", "prte": "F3.1", "type": null, "msdd": null, "sri": null, "adiff": null, "sdd": null, "wildlife": null, "status": null, "target": "PS", "distanz": null, "name": null, "id": 399 }, "geometry": null },
{ "type": "Feature", "properties": { "segments": "649,3598,3599,3597,611,610", "start": "Nebelhornbahn", "stop": "Kleiner Seekopf", "diff": null, "lit": null, "route": "", "pvol": "Allgaeu", "prte": "F3.2", "type": null, "msdd": null, "sri": null, "adiff": null, "sdd": null, "wildlife": null, "status": null, "target": null, "distanz": null, "name": null, "id": 400 }, "geometry": null },
{ "type": "Feature", "properties": { "segments": "649,3598,3599,3597,602", "start": "Nebelhornbahn", "stop": "Schochen", "diff": null, "lit": null, "route": null, "pvol": "Allgaeu", "prte": "F2", "type": null, "msdd": null, "sri": null, "adiff": null, "sdd": null, "wildlife": null, "status": null, "target": null, "distanz": null, "name": null, "id": 401 }, "geometry": null },
{ "type": "Feature", "properties": { "segments": "778,733,703,7204,669,706,737", "start": "Erzberghof", "stop": "Lahnerkopf", "diff": null, "lit": null, "route": "über Schänzlescharte", "pvol": "Allgaeu", "prte": "G13.3", "type": null, "msdd": null, "sri": null, "adiff": null, "sdd": null, "wildlife": null, "status": null, "target": "P", "distanz": null, "name": null, "id": 402 }, "geometry": null },
{ "type": "Feature", "properties": { "segments": "778,733,703,686", "start": "Erzberghof", "stop": "Schänzlespitze", "diff": null, "lit": null, "route": null, "pvol": "Allgaeu", "prte": "G13.1b", "type": null, "msdd": null, "sri": null, "adiff": null, "sdd": null, "wildlife": null, "status": null, "target": "P", "distanz": null, "name": null, "id": 403 }, "geometry": null },
{ "type": "Feature", "properties": { "segments": "778,733,703,7202", "start": "Erzberghof", "stop": "Schänzlekopf", "diff": null, "lit": null, "route": null, "pvol": "Allgaeu", "prte": "G13.1", "type": null, "msdd": null, "sri": null, "adiff": null, "sdd": null, "wildlife": null, "status": null, "target": "P", "distanz": null, "name": null, "id": 404 }, "geometry": null },
{ "type": "Feature", "properties": { "segments": "778,744,745", "start": "Erzberghof", "stop": "Lahnerscharte", "diff": null, "lit": null, "route": null, "pvol": "", "prte": null, "type": null, "msdd": null, "sri": null, "adiff": null, "sdd": null, "wildlife": null, "status": null, "target": "X", "distanz": null, "name": null, "id": 405 }, "geometry": null },
{ "type": "Feature", "properties": { "segments": "778,744,762", "start": "Erzberghof", "stop": "Lahnerkopf", "diff": null, "lit": null, "route": null, "pvol": "Allgaeu", "prte": "G13.2", "type": null, "msdd": null, "sri": null, "adiff": null, "sdd": null, "wildlife": null, "status": null, "target": "P", "distanz": null, "name": null, "id": 406 }, "geometry": null },
{ "type": "Feature", "properties": { "segments": "778,733,3989", "start": "Erzberghof", "stop": "Rosskopf", "diff": null, "lit": null, "route": null, "pvol": "Allgaeu", "prte": "G13v", "type": null, "msdd": null, "sri": null, "adiff": null, "sdd": null, "wildlife": null, "status": null, "target": "X", "distanz": null, "name": null, "id": 407 }, "geometry": null },
{ "type": "Feature", "properties": { "segments": "634,618,595,573,7207,561,563", "start": "Giebelhaus", "stop": "Schneck", "diff": null, "lit": null, "route": null, "pvol": "Allgaeu", "prte": "G7", "type": null, "msdd": null, "sri": null, "adiff": null, "sdd": null, "wildlife": null, "status": null, "target": "PS", "distanz": null, "name": null, "id": 408 }, "geometry": null },
{ "type": "Feature", "properties": { "segments": "634,618,595,573,548,4064,524,521,506", "start": "Giebelhaus", "stop": "Großer Wilder", "diff": null, "lit": null, "route": "", "pvol": "Allgaeu", "prte": "G8", "type": null, "msdd": null, "sri": null, "adiff": null, "sdd": null, "wildlife": null, "status": null, "target": "PS", "distanz": null, "name": null, "id": 409 }, "geometry": null },
{ "type": "Feature", "properties": { "segments": "634,618,595,573,548,540,539,4062,538", "start": "Giebelhaus", "stop": "Himmeleck", "diff": null, "lit": null, "route": null, "pvol": "Allgaeu", "prte": "G7v", "type": null, "msdd": null, "sri": null, "adiff": null, "sdd": null, "wildlife": null, "status": null, "target": "P", "distanz": null, "name": null, "id": 410 }, "geometry": null },
{ "type": "Feature", "properties": { "segments": "634,619,614", "start": "Giebelhaus", "stop": "Prinz-Luitpold-Haus", "diff": null, "lit": null, "route": null, "pvol": "Allgaeu", "prte": "G9", "type": 1, "msdd": null, "sri": null, "adiff": null, "sdd": null, "wildlife": null, "status": null, "target": "PS", "distanz": null, "name": null, "id": 411 }, "geometry": null },
{ "type": "Feature", "properties": { "segments": "580,568,560", "start": "Prinz-Luitpold-Haus", "stop": "Kreuzkopf", "diff": null, "lit": null, "route": null, "pvol": "Allgaeu", "prte": "G11.1", "type": 2, "msdd": null, "sri": null, "adiff": null, "sdd": null, "wildlife": null, "status": null, "target": "PS", "distanz": null, "name": null, "id": 412 }, "geometry": null },
{ "type": "Feature", "properties": { "segments": "580,569,571", "start": "Prinz-Luitpold-Haus", "stop": "Balkenscharte", "diff": null, "lit": null, "route": null, "pvol": "Allgaeu", "prte": "G12.1", "type": 2, "msdd": null, "sri": null, "adiff": null, "sdd": null, "wildlife": null, "status": null, "target": "P", "distanz": null, "name": null, "id": 413 }, "geometry": null },
{ "type": "Feature", "properties": { "segments": "580,569,567", "start": "Prinz-Luitpold-Haus", "stop": "Weittalkopf", "diff": null, "lit": null, "route": null, "pvol": "Allgaeu", "prte": "G12.2", "type": 2, "msdd": null, "sri": null, "adiff": null, "sdd": null, "wildlife": null, "status": null, "target": "P", "distanz": null, "name": null, "id": 414 }, "geometry": null },
{ "type": "Feature", "properties": { "segments": "596,603,612", "start": "Prinz-Luitpold-Haus", "stop": "Glasfelderkopf", "diff": null, "lit": null, "route": null, "pvol": "Allgaeu", "prte": "G10a", "type": 2, "msdd": null, "sri": null, "adiff": null, "sdd": null, "wildlife": null, "status": null, "target": "P", "distanz": null, "name": null, "id": 415 }, "geometry": null },
{ "type": "Feature", "properties": { "segments": "596,603,605", "start": "Prinz-Luitpold-Haus", "stop": "Bockkarscharte", "diff": null, "lit": null, "route": null, "pvol": "Allgaeu", "prte": "G10b", "type": 2, "msdd": null, "sri": null, "adiff": null, "sdd": null, "wildlife": null, "status": null, "target": "P", "distanz": null, "name": null, "id": 416 }, "geometry": null },
{ "type": "Feature", "properties": { "segments": "596,598,7205", "start": "Prinz-Luitpold-Haus", "stop": "Kesselspitze", "diff": null, "lit": null, "route": "von Westen", "pvol": "Allgaeu", "prte": "G10.2", "type": 2, "msdd": null, "sri": null, "adiff": null, "sdd": null, "wildlife": null, "status": null, "target": "P", "distanz": null, "name": null, "id": 417 }, "geometry": null },
{ "type": "Feature", "properties": { "segments": "580,569,571,3988,4197,557", "start": "Prinz-Luitpold-Haus", "stop": "Hochvogel", "diff": null, "lit": null, "route": "über den Kalten Winkel", "pvol": "Allgaeu", "prte": "G12.1", "type": 2, "msdd": null, "sri": null, "adiff": null, "sdd": null, "wildlife": null, "status": null, "target": "P", "distanz": null, "name": null, "id": 418 }, "geometry": null },
{ "type": "Feature", "properties": { "segments": "580,568,558,556,557", "start": "Prinz-Luitpold-Haus", "stop": "Hochvogel", "diff": null, "lit": null, "route": "über den Kreuzkopf", "pvol": "Allgaeu", "prte": "G12.2", "type": 2, "msdd": null, "sri": null, "adiff": null, "sdd": null, "wildlife": null, "status": null, "target": "P", "distanz": null, "name": null, "id": 419 }, "geometry": null },
{ "type": "Feature", "properties": { "segments": "580,569,571,3988,599,7205", "start": "Prinz-Luitpold-Haus", "stop": "Kesselspitze", "diff": null, "lit": null, "route": "Fuchskarspitz-Umrundung", "pvol": "Allgaeu", "prte": "G10.4", "type": 2, "msdd": null, "sri": null, "adiff": null, "sdd": null, "wildlife": null, "status": null, "target": "P", "distanz": null, "name": null, "id": 420 }, "geometry": null },
{ "type": "Feature", "properties": { "segments": "627,476,484", "start": "Oytal", "stop": "Rotes Loch", "diff": null, "lit": null, "route": null, "pvol": "Allgaeu", "prte": "E2", "type": null, "msdd": null, "sri": null, "adiff": null, "sdd": null, "wildlife": null, "status": null, "target": "P", "distanz": null, "name": null, "id": 421 }, "geometry": null },
{ "type": "Feature", "properties": { "segments": "627,493,485,3896,451,444,435,437,440,7209", "start": "Oytal", "stop": "Jochspitze", "diff": null, "lit": null, "route": "über den Lechler Kranz", "pvol": "Allgaeu", "prte": "E4.1", "type": null, "msdd": null, "sri": null, "adiff": null, "sdd": null, "wildlife": null, "status": null, "target": "P", "distanz": null, "name": null, "id": 422 }, "geometry": null },
{ "type": "Feature", "properties": { "segments": "627,476,474", "start": "Oytal", "stop": "Älpelesattel", "diff": null, "lit": null, "route": null, "pvol": "Allgaeu", "prte": "E1", "type": null, "msdd": null, "sri": null, "adiff": null, "sdd": null, "wildlife": null, "status": null, "target": "P", "distanz": null, "name": null, "id": 423 }, "geometry": null },
{ "type": "Feature", "properties": { "segments": "627,476,474,453,429,425", "start": "Oytal", "stop": "Rauegg", "diff": null, "lit": null, "route": "über den Älpelesattel", "pvol": "E3.1", "prte": null, "type": null, "msdd": null, "sri": null, "adiff": null, "sdd": null, "wildlife": null, "status": null, "target": "P", "distanz": null, "name": null, "id": 424 }, "geometry": null },
{ "type": "Feature", "properties": { "segments": "627,493,485,3896,451,444,3897,425", "start": "Oytal", "stop": "Rauegg", "diff": null, "lit": null, "route": "über den Lechler Kranz", "pvol": "Allgaeu", "prte": "E3.3", "type": null, "msdd": null, "sri": null, "adiff": null, "sdd": null, "wildlife": null, "status": null, "target": "P", "distanz": null, "name": null, "id": 425 }, "geometry": null },
{ "type": "Feature", "properties": { "segments": "627,493,485,3896,451,443,429,425", "start": "Oytal", "stop": "Rauegg", "diff": null, "lit": null, "route": "über den Eissee", "pvol": "Allgaeu", "prte": "E3.2", "type": null, "msdd": null, "sri": null, "adiff": null, "sdd": null, "wildlife": null, "status": null, "target": "P", "distanz": null, "name": null, "id": 426 }, "geometry": null },
{ "type": "Feature", "properties": { "segments": "627,493,485,465,449,7206,7209", "start": "Oytal", "stop": "Jochspitze", "diff": null, "lit": null, "route": "über das Hornbachjoch", "pvol": "Allgaeu", "prte": "E4b", "type": null, "msdd": null, "sri": null, "adiff": null, "sdd": null, "wildlife": null, "status": null, "target": "PS", "distanz": null, "name": null, "id": 427 }, "geometry": null },
{ "type": "Feature", "properties": { "segments": "627,493,485,465,463", "start": "Oytal", "stop": "Südliches Höllhorn", "diff": null, "lit": null, "route": null, "pvol": "Allgaeu", "prte": "E4a", "type": null, "msdd": null, "sri": null, "adiff": null, "sdd": null, "wildlife": null, "status": null, "target": "PS", "distanz": null, "name": null, "id": 428 }, "geometry": null },
{ "type": "Feature", "properties": { "segments": "627,493,489,499,505", "start": "Oytal", "stop": "Großer Wilder", "diff": null, "lit": null, "route": "über die Wildenfeldscharte", "pvol": "Allgaeu", "prte": "E5.1", "type": null, "msdd": null, "sri": null, "adiff": null, "sdd": null, "wildlife": null, "status": null, "target": "P", "distanz": null, "name": null, "id": 429 }, "geometry": null },
{ "type": "Feature", "properties": { "segments": "627,493,518,555,563", "start": "Oytal", "stop": "Schneck", "diff": null, "lit": null, "route": null, "pvol": "Allgaeu", "prte": "E6", "type": null, "msdd": null, "sri": null, "adiff": null, "sdd": null, "wildlife": null, "status": null, "target": "P", "distanz": null, "name": null, "id": 430 }, "geometry": null },
{ "type": "Feature", "properties": { "segments": "576,427,3987", "start": "Spielmannsau", "stop": "Rauegg", "diff": null, "lit": null, "route": "über Kreuzegg", "pvol": "Allgaeu", "prte": "D11", "type": null, "msdd": null, "sri": null, "adiff": null, "sdd": null, "wildlife": null, "status": null, "target": "P", "distanz": null, "name": null, "id": 431 }, "geometry": null },
{ "type": "Feature", "properties": { "segments": "576,426,273", "start": "Spielmannsau", "stop": "Kemptner Hütte", "diff": null, "lit": null, "route": null, "pvol": "Allgaeu", "prte": "D3.1", "type": 1, "msdd": null, "sri": null, "adiff": null, "sdd": null, "wildlife": null, "status": null, "target": "P", "distanz": null, "name": null, "id": 432 }, "geometry": null },
{ "type": "Feature", "properties": { "segments": "576,426,263,148", "start": "Spielmannsau", "stop": "Mädelegabel", "diff": null, "lit": null, "route": "Trettachrinne", "pvol": "Allgaeu", "prte": "D6.1", "type": null, "msdd": null, "sri": null, "adiff": null, "sdd": null, "wildlife": null, "status": null, "target": "P", "distanz": null, "name": null, "id": 433 }, "geometry": null },
{ "type": "Feature", "properties": { "segments": "220,199,183,164,167,148", "start": "Kemptner Hütte", "stop": "Mädelegabel", "diff": null, "lit": null, "route": "über Mädelegabeljoch", "pvol": "Allgaeu", "prte": "D6", "type": 2, "msdd": null, "sri": null, "adiff": null, "sdd": null, "wildlife": null, "status": null, "target": "P", "distanz": null, "name": null, "id": 434 }, "geometry": null },
{ "type": "Feature", "properties": { "segments": "219,7215", "start": "Kemptner Hütte", "stop": "Kratzer", "diff": null, "lit": null, "route": "Kratzerfeld", "pvol": "Allgaeu", "prte": "D5.1", "type": 2, "msdd": null, "sri": null, "adiff": null, "sdd": null, "wildlife": null, "status": null, "target": "P", "distanz": null, "name": null, "id": 435 }, "geometry": null },
{ "type": "Feature", "properties": { "segments": "220,199,183,176", "start": "Kemptner Hütte", "stop": "Kratzer", "diff": null, "lit": null, "route": "über Mädelegabeljoch", "pvol": "Allgaeu", "prte": "D5", "type": 2, "msdd": null, "sri": null, "adiff": null, "sdd": null, "wildlife": null, "status": null, "target": "P", "distanz": null, "name": null, "id": 436 }, "geometry": null },
{ "type": "Feature", "properties": { "segments": "220,207,4107,224", "start": "Kemptner Hütte", "stop": "Muttlerkopf", "diff": null, "lit": null, "route": null, "pvol": "Allgaeu", "prte": "D4.1", "type": 2, "msdd": null, "sri": null, "adiff": null, "sdd": null, "wildlife": null, "status": null, "target": "P", "distanz": null, "name": null, "id": 437 }, "geometry": null },
{ "type": "Feature", "properties": { "segments": "220,207,198,181,201", "start": "Kemptner Hütte", "stop": "Krottenkopf", "diff": null, "lit": null, "route": null, "pvol": "Allgaeu", "prte": "D4.3", "type": 2, "msdd": null, "sri": null, "adiff": null, "sdd": null, "wildlife": null, "status": null, "target": "P", "distanz": null, "name": null, "id": 438 }, "geometry": null },
{ "type": "Feature", "properties": { "segments": "220,207,4107,239", "start": "Kemptner Hütte", "stop": "Hornbachspitze", "diff": null, "lit": null, "route": null, "pvol": "Allgaeu", "prte": "D4.2", "type": 2, "msdd": null, "sri": null, "adiff": null, "sdd": null, "wildlife": null, "status": null, "target": "P", "distanz": null, "name": null, "id": 439 }, "geometry": null },
{ "type": "Feature", "properties": { "segments": "220,199,183,164,167,142,137,121", "start": "Kemptner Hütte", "stop": "Bockkarscharte", "diff": null, "lit": null, "route": null, "pvol": "Allgaeu", "prte": "D7", "type": 2, "msdd": null, "sri": null, "adiff": null, "sdd": null, "wildlife": null, "status": null, "target": "P", "distanz": null, "name": null, "id": 440 }, "geometry": null },
{ "type": "Feature", "properties": { "segments": "7216,336,331,233,123,128", "start": "Birgsau", "stop": "Bockkarscharte", "diff": null, "lit": null, "route": null, "pvol": "Allgaeu", "prte": "D10", "type": null, "msdd": null, "sri": null, "adiff": null, "sdd": null, "wildlife": null, "status": null, "target": "P", "distanz": null, "name": null, "id": 441 }, "geometry": null },
{ "type": "Feature", "properties": { "segments": "7216,336,335,7210,150", "start": "Birgsau", "stop": "Linkerskopf", "diff": null, "lit": null, "route": null, "pvol": "Allgaeu", "prte": "D8", "type": null, "msdd": null, "sri": null, "adiff": null, "sdd": null, "wildlife": null, "status": null, "target": "P", "distanz": null, "name": null, "id": 442 }, "geometry": null },
{ "type": "Feature", "properties": { "segments": "7216,336,335,209,115,102", "start": "Birgsau", "stop": "Rappenseehütte", "diff": null, "lit": null, "route": null, "pvol": "Allgaeu", "prte": "D1.1", "type": 1, "msdd": null, "sri": null, "adiff": null, "sdd": null, "wildlife": null, "status": null, "target": "P", "distanz": null, "name": null, "id": 443 }, "geometry": null },
{ "type": "Feature", "properties": { "segments": "7211,7213,7212", "start": "Rappenseehütte", "stop": "Hochrappenkopf", "diff": null, "lit": null, "route": null, "pvol": "Allgaeu", "prte": "D2.1a", "type": 2, "msdd": null, "sri": null, "adiff": null, "sdd": null, "wildlife": null, "status": null, "target": "P", "distanz": null, "name": null, "id": 444 }, "geometry": null },
{ "type": "Feature", "properties": { "segments": "7211,7214", "start": "Rappenseehütte", "stop": "Rappenseekopf", "diff": null, "lit": null, "route": null, "pvol": "Allgaeu", "prte": "H2.1b", "type": 2, "msdd": null, "sri": null, "adiff": null, "sdd": null, "wildlife": null, "status": null, "target": "P", "distanz": null, "name": null, "id": 445 }, "geometry": null },
{ "type": "Feature", "properties": { "segments": "101,95", "start": "Rappenseehütte", "stop": "Rothgundspitze", "diff": null, "lit": null, "route": null, "pvol": "Allgaeu", "prte": "D2.2", "type": 2, "msdd": null, "sri": null, "adiff": null, "sdd": null, "wildlife": null, "status": null, "target": "P", "distanz": null, "name": null, "id": 446 }, "geometry": null },
{ "type": "Feature", "properties": { "segments": "101,80,77,91,122,137,142,148", "start": "Rappenseehütte", "stop": "Mädelegabel", "diff": null, "lit": null, "route": "Heilbronner Weg", "pvol": "Allgaeu", "prte": "D7", "type": 2, "msdd": null, "sri": null, "adiff": null, "sdd": null, "wildlife": null, "status": null, "target": "P", "distanz": null, "name": null, "id": 447 }, "geometry": null },
{ "type": "Feature", "properties": { "segments": "101,80,77,78", "start": "Rappenseehütte", "stop": "Steinschartenkopf", "diff": null, "lit": null, "route": null, "pvol": "Allgaeu", "prte": "D7", "type": 2, "msdd": null, "sri": null, "adiff": null, "sdd": null, "wildlife": null, "status": null, "target": "P", "distanz": null, "name": null, "id": 448 }, "geometry": null },
{ "type": "Feature", "properties": { "segments": "101,79,65", "start": "Rappenseehütte", "stop": "Hohes Licht", "diff": null, "lit": null, "route": null, "pvol": "Allgaeu", "prte": "D2.3", "type": 2, "msdd": null, "sri": null, "adiff": null, "sdd": null, "wildlife": null, "status": null, "target": "P", "distanz": null, "name": null, "id": 449 }, "geometry": null },
{ "type": "Feature", "properties": { "segments": "20,22,27,4053,99,7212", "start": "Lechleiten", "stop": "Hochrappenkopf", "diff": null, "lit": null, "route": null, "pvol": "Allgaeu", "prte": "D1.3", "type": null, "msdd": null, "sri": null, "adiff": null, "sdd": null, "wildlife": null, "status": null, "target": "P", "distanz": null, "name": null, "id": 450 }, "geometry": null },
{ "type": "Feature", "properties": { "segments": "7327,439,433,338,343,368,379", "start": "Faistenoy", "stop": "Kanzelwand", "diff": null, "lit": null, "route": null, "pvol": "Allgaeu", "prte": "C6.3", "type": null, "msdd": null, "sri": null, "adiff": null, "sdd": null, "wildlife": null, "status": null, "target": null, "distanz": null, "name": null, "id": 451 }, "geometry": null },
{ "type": "Feature", "properties": { "segments": "7216,362,3898,3899", "start": "Birgsau", "stop": "Griesgundkopf", "diff": null, "lit": null, "route": null, "pvol": "Allgaeu", "prte": "C7", "type": null, "msdd": null, "sri": null, "adiff": null, "sdd": null, "wildlife": null, "status": null, "target": "PS", "distanz": null, "name": null, "id": 452 }, "geometry": null },
{ "type": "Feature", "properties": { "segments": "345,352,351,372", "start": "Höfle", "stop": "Kuhgehrenspitze", "diff": null, "lit": null, "route": null, "pvol": "Allgaeu", "prte": "C11", "type": null, "msdd": null, "sri": null, "adiff": null, "sdd": null, "wildlife": null, "status": null, "target": null, "distanz": null, "name": null, "id": 453 }, "geometry": null },
{ "type": "Feature", "properties": { "segments": "282,266,259,269,321", "start": "Schwendle", "stop": "Walser Hammerspitze", "diff": null, "lit": null, "route": null, "pvol": "Allgaeu", "prte": "C5b", "type": null, "msdd": null, "sri": null, "adiff": null, "sdd": null, "wildlife": null, "status": null, "target": null, "distanz": null, "name": null, "id": 454 }, "geometry": null },
{ "type": "Feature", "properties": { "segments": "282,266,259,258,223,158,146,175,174", "start": "Schwendle", "stop": "Elferkopf (Wintergipfel)", "diff": null, "lit": null, "route": null, "pvol": "Allgaeu", "prte": "C3.2", "type": null, "msdd": null, "sri": null, "adiff": null, "sdd": null, "wildlife": null, "status": null, "target": null, "distanz": null, "name": null, "id": 455 }, "geometry": null },
{ "type": "Feature", "properties": { "segments": "282,266,259,258,223,158,139,135", "start": "Schwendle", "stop": "Liechelkopf", "diff": null, "lit": null, "route": null, "pvol": "Allgaeu", "prte": "C2.1", "type": null, "msdd": null, "sri": null, "adiff": null, "sdd": null, "wildlife": null, "status": null, "target": "PS", "distanz": null, "name": null, "id": 456 }, "geometry": null },
{ "type": "Feature", "properties": { "segments": "247,205,133,112", "start": "Bödmen", "stop": "Karlstor", "diff": null, "lit": null, "route": null, "pvol": "Allgaeu", "prte": "B9.1", "type": null, "msdd": null, "sri": null, "adiff": null, "sdd": null, "wildlife": null, "status": null, "target": null, "distanz": null, "name": null, "id": 457 }, "geometry": null },
{ "type": "Feature", "properties": { "segments": "247,170,3996", "start": "Bödmen", "stop": "Liechelkopf", "diff": null, "lit": null, "route": null, "pvol": "Allgaeu", "prte": "C2.2", "type": null, "msdd": null, "sri": null, "adiff": null, "sdd": null, "wildlife": null, "status": null, "target": "P", "distanz": null, "name": null, "id": 458 }, "geometry": null },
{ "type": "Feature", "properties": { "segments": "247,205,134,75,72,103", "start": "Bödmen", "stop": "Geißhorn", "diff": null, "lit": null, "route": null, "pvol": "Allgaeu", "prte": "C1", "type": null, "msdd": null, "sri": null, "adiff": null, "sdd": null, "wildlife": null, "status": null, "target": "P", "distanz": null, "name": null, "id": 459 }, "geometry": null },
{ "type": "Feature", "properties": { "segments": "247,205,134,4052,67,59,61,70,89", "start": "Bödmen", "stop": "Widderstein", "diff": null, "lit": null, "route": null, "pvol": "", "prte": null, "type": null, "msdd": null, "sri": null, "adiff": null, "sdd": null, "wildlife": null, "status": null, "target": null, "distanz": null, "name": null, "id": 460 }, "geometry": null },
{ "type": "Feature", "properties": { "segments": "217,211,3656,191,156,162,163", "start": "Baad", "stop": "Bärenkopf", "diff": null, "lit": null, "route": null, "pvol": "", "prte": null, "type": null, "msdd": null, "sri": null, "adiff": null, "sdd": null, "wildlife": null, "status": null, "target": "PS", "distanz": null, "name": null, "id": 461 }, "geometry": null },
{ "type": "Feature", "properties": { "segments": "217,211,3656,191,156,145,113", "start": "Baad", "stop": "Karlstor", "diff": null, "lit": null, "route": null, "pvol": "Allgaeu", "prte": "B9", "type": null, "msdd": null, "sri": null, "adiff": null, "sdd": null, "wildlife": null, "status": null, "target": null, "distanz": null, "name": null, "id": 462 }, "geometry": null },
{ "type": "Feature", "properties": { "segments": "217,211,3653,3655,4051,119,116,3646,107,71,3648,60,62,69,89", "start": "Baad", "stop": "Widderstein", "diff": null, "lit": null, "route": null, "pvol": "Allgaeu", "prte": "B8", "type": null, "msdd": null, "sri": null, "adiff": null, "sdd": null, "wildlife": null, "status": null, "target": "P", "distanz": null, "name": null, "id": 463 }, "geometry": null },
{ "type": "Feature", "properties": { "segments": "217,211,3653,3655,4051,118,110", "start": "Baad", "stop": "Gamsfuß", "diff": null, "lit": null, "route": null, "pvol": "Allgaeu", "prte": "B5", "type": null, "msdd": null, "sri": null, "adiff": null, "sdd": null, "wildlife": null, "status": null, "target": null, "distanz": null, "name": null, "id": 464 }, "geometry": null },
{ "type": "Feature", "properties": { "segments": "217,211,3653,3655,4051,119,116,3646,107,71,54,3650,53", "start": "Baad", "stop": "Höferspitze", "diff": null, "lit": null, "route": null, "pvol": "Allgaeu", "prte": "B6", "type": null, "msdd": null, "sri": null, "adiff": null, "sdd": null, "wildlife": null, "status": null, "target": null, "distanz": null, "name": null, "id": 465 }, "geometry": null },
{ "type": "Feature", "properties": { "segments": "217,211,3653,3655,4051,119,116,3646,107,71,3648,52,3647,45", "start": "Baad", "stop": "Höfergrat", "diff": null, "lit": null, "route": null, "pvol": "", "prte": null, "type": null, "msdd": null, "sri": null, "adiff": null, "sdd": null, "wildlife": null, "status": null, "target": null, "distanz": null, "name": null, "id": 466 }, "geometry": null },
{ "type": "Feature", "properties": { "segments": "41,42,49,7329,3650,53", "start": "Hochtannbergpass", "stop": "Höferspitze", "diff": null, "lit": null, "route": null, "pvol": null, "prte": null, "type": null, "msdd": null, "sri": null, "adiff": null, "sdd": null, "wildlife": null, "status": null, "target": "PS", "distanz": null, "name": null, "id": 467 }, "geometry": null },
{ "type": "Feature", "properties": { "segments": "217,211,3653,3655,4051,119,116,3646,107,81", "start": "Baad", "stop": "Weißer Schrofen", "diff": null, "lit": null, "route": null, "pvol": "Allgaeu", "prte": "B7", "type": null, "msdd": null, "sri": null, "adiff": null, "sdd": null, "wildlife": null, "status": null, "target": "P", "distanz": null, "name": null, "id": 468 }, "geometry": null },
{ "type": "Feature", "properties": { "segments": "217,212,218,202,203,173", "start": "Baad", "stop": "Güntlespitze", "diff": null, "lit": null, "route": "über Derrenalpe", "pvol": "Allgaeu", "prte": "B2.1", "type": null, "msdd": null, "sri": null, "adiff": null, "sdd": null, "wildlife": null, "status": null, "target": null, "distanz": null, "name": null, "id": 469 }, "geometry": null },
{ "type": "Feature", "properties": { "segments": "217,212,218,186,168", "start": "Baad", "stop": "Güntlespitze", "diff": null, "lit": null, "route": null, "pvol": "Allgaeu", "prte": "B2.2", "type": null, "msdd": null, "sri": null, "adiff": null, "sdd": null, "wildlife": null, "status": null, "target": null, "distanz": null, "name": null, "id": 470 }, "geometry": null },
{ "type": "Feature", "properties": { "segments": "217,212,222,236,238,4060,4058,4059,295,313,320,309,4049", "start": "Baad", "stop": "Grünhorn", "diff": null, "lit": null, "route": null, "pvol": "Allgaeu", "prte": "B1", "type": null, "msdd": null, "sri": null, "adiff": null, "sdd": null, "wildlife": null, "status": null, "target": null, "distanz": null, "name": null, "id": 471 }, "geometry": null },
{ "type": "Feature", "properties": { "segments": "416,414,396,406,405,394,395,3644,3645,357", "start": "Auenhütte", "stop": "Schwarzwasserhütte", "diff": null, "lit": null, "route": null, "pvol": "Allgaeu", "prte": "A1", "type": 1, "msdd": null, "sri": null, "adiff": null, "sdd": null, "wildlife": null, "status": null, "target": null, "distanz": null, "name": null, "id": 472 }, "geometry": null },
{ "type": "Feature", "properties": { "segments": "360,384,400,403,408", "start": "Schwarzwasserhütte", "stop": "Hählekopf", "diff": null, "lit": null, "route": null, "pvol": "Allgaeu", "prte": "A6.1", "type": 2, "msdd": null, "sri": null, "adiff": null, "sdd": null, "wildlife": null, "status": null, "target": null, "distanz": null, "name": null, "id": 473 }, "geometry": null },
{ "type": "Feature", "properties": { "segments": "416,414,396,406,409,413,423,424,432", "start": "Auenhütte", "stop": "Hählekopf", "diff": null, "lit": null, "route": null, "pvol": "Allgaeu", "prte": "A6.2", "type": null, "msdd": null, "sri": null, "adiff": null, "sdd": null, "wildlife": null, "status": null, "target": null, "distanz": null, "name": null, "id": 474 }, "geometry": null },
{ "type": "Feature", "properties": { "segments": "416,414,396,406,409,413,423,447,460", "start": "Auenhütte", "stop": "Hoher Ifen", "diff": null, "lit": null, "route": null, "pvol": "Allgaeu", "prte": "A8.1", "type": null, "msdd": null, "sri": null, "adiff": null, "sdd": null, "wildlife": null, "status": null, "target": null, "distanz": null, "name": null, "id": 475 }, "geometry": null },
{ "type": "Feature", "properties": { "segments": "467,468,450,448,460", "start": "Hahnenköpfle", "stop": "Hoher Ifen", "diff": null, "lit": null, "route": null, "pvol": "Allgaeu", "prte": "A8.2", "type": null, "msdd": null, "sri": null, "adiff": null, "sdd": null, "wildlife": null, "status": null, "target": null, "distanz": null, "name": null, "id": 476 }, "geometry": null },
{ "type": "Feature", "properties": { "segments": "515,525,534,550,3949", "start": "Mahdtalhaus", "stop": "Toreck", "diff": null, "lit": null, "route": null, "pvol": "Allgaeu", "prte": "A9.1", "type": null, "msdd": null, "sri": null, "adiff": null, "sdd": null, "wildlife": null, "status": null, "target": null, "distanz": null, "name": null, "id": 477 }, "geometry": null },
{ "type": "Feature", "properties": { "segments": "1361,3638,3637,3636,3635,4178,3631,1297,1272,1268,1263,1261", "start": "Sigiswang", "stop": "Rangiswanger Horn", "diff": null, "lit": "", "route": null, "pvol": "Allgaeu", "prte": "L2.1", "type": null, "msdd": null, "sri": null, "adiff": null, "sdd": null, "wildlife": null, "status": null, "target": null, "distanz": null, "name": null, "id": 478 }, "geometry": null },
{ "type": "Feature", "properties": { "segments": "1631,1619,1604,4001,4201,3998,1418,1372,4205,1227,1188,1162,1133", "start": "Gunzesrieder Säge", "stop": "Höllritzeck", "diff": null, "lit": null, "route": "über den Osterberg", "pvol": "Allgaeu", "prte": "L6.3", "type": null, "msdd": null, "sri": null, "adiff": null, "sdd": null, "wildlife": null, "status": null, "target": null, "distanz": null, "name": null, "id": 479 }, "geometry": null },
{ "type": "Feature", "properties": { "segments": "4275,1663,4248,4249,1637,1612,1514,1412,1409,1392,1389,1391", "start": "Hochgratbahn", "stop": "Rohnehöhe", "diff": null, "lit": null, "route": null, "pvol": null, "prte": null, "type": null, "msdd": null, "sri": null, "adiff": null, "sdd": null, "wildlife": null, "status": null, "target": null, "distanz": null, "name": null, "id": 480 }, "geometry": null },
{ "type": "Feature", "properties": { "segments": "1033,949,875,4194,874", "start": "Gschwänd", "stop": "Burstkopf", "diff": null, "lit": null, "route": "Nordostrücken", "pvol": "Allgaeu", "prte": "K7", "type": null, "msdd": null, "sri": null, "adiff": null, "sdd": null, "wildlife": null, "status": null, "target": null, "distanz": null, "name": null, "id": 481 }, "geometry": null },
{ "type": "Feature", "properties": { "segments": "2159,2163,4149,4112,4181", "start": "Gschwend", "stop": "Immenstädter Horn", "diff": null, "lit": null, "route": "Nordhang", "pvol": "Allgaeu", "prte": "L10a", "type": null, "msdd": null, "sri": null, "adiff": null, "sdd": null, "wildlife": null, "status": null, "target": "PS", "distanz": null, "name": null, "id": 482 }, "geometry": null },
{ "type": "Feature", "properties": { "segments": "3610,2158,4180,2787,2126,4182,2072,2058,2073", "start": "Gschwend", "stop": "Gschwender Horn", "diff": null, "lit": null, "route": null, "pvol": "Allgaeu", "prte": "L11", "type": null, "msdd": null, "sri": null, "adiff": null, "sdd": null, "wildlife": null, "status": null, "target": null, "distanz": null, "name": null, "id": 483 }, "geometry": null },
{ "type": "Feature", "properties": { "segments": "2136,2116,2110,2037,2035,2007,1961,1912,1891,1785,1745,1708,1706,1713", "start": "Immenstadt", "stop": "Stuiben", "diff": null, "lit": null, "route": "über die Mittelbergalpe", "pvol": "Allgaeu", "prte": "L12.1", "type": null, "msdd": null, "sri": null, "adiff": null, "sdd": null, "wildlife": null, "status": null, "target": null, "distanz": null, "name": null, "id": 484 }, "geometry": null },
{ "type": "Feature", "properties": { "segments": "7333,7334,7332", "start": "Obergschwend", "stop": "Ornach", "diff": null, "lit": null, "route": null, "pvol": "Allgaeu", "prte": "J3v", "type": null, "msdd": null, "sri": null, "adiff": null, "sdd": null, "wildlife": null, "status": null, "target": "PS", "distanz": null, "name": null, "id": 485 }, "geometry": null },
{ "type": "Feature", "properties": { "segments": "3709,3583,2157,3584,3585,2781,2150,2576,2575", "start": "Nesselwang", "stop": "Alpspitz", "diff": null, "lit": null, "route": null, "pvol": null, "prte": null, "type": null, "msdd": null, "sri": null, "adiff": null, "sdd": null, "wildlife": null, "status": null, "target": null, "distanz": null, "name": null, "id": 486 }, "geometry": null },
{ "type": "Feature", "properties": { "segments": "2147,2153", "start": "Langenschwand", "stop": "Pfeifferberg", "diff": null, "lit": null, "route": null, "pvol": null, "prte": null, "type": null, "msdd": null, "sri": null, "adiff": null, "sdd": null, "wildlife": null, "status": null, "target": null, "distanz": null, "name": null, "id": 487 }, "geometry": null },
{ "type": "Feature", "properties": { "segments": "1631,1619,1603,1587,1567,1453,1384,4302,1357,1333,4270,1323,1296", "start": "Gunzesrieder Säge", "stop": "Heidenkopf", "diff": null, "lit": null, "route": null, "pvol": null, "prte": null, "type": null, "msdd": null, "sri": null, "adiff": null, "sdd": null, "wildlife": null, "status": null, "target": null, "distanz": null, "name": null, "id": 488 }, "geometry": null },
{ "type": "Feature", "properties": { "segments": "1631,1619,1603,1587,1567,1453,1465,1474", "start": "Gunzesrieder Säge", "stop": "Hochgrat", "diff": null, "lit": null, "route": null, "pvol": null, "prte": null, "type": null, "msdd": null, "sri": null, "adiff": null, "sdd": null, "wildlife": null, "status": null, "target": null, "distanz": null, "name": null, "id": 489 }, "geometry": null },
{ "type": "Feature", "properties": { "segments": "2730,7335,7336,2335", "start": "Trinis", "stop": "Setzberg", "diff": null, "lit": null, "route": null, "pvol": null, "prte": null, "type": null, "msdd": null, "sri": null, "adiff": null, "sdd": null, "wildlife": null, "status": null, "target": "PS", "distanz": null, "name": null, "id": 490 }, "geometry": null },
{ "type": "Feature", "properties": { "segments": "2380,2605,2703,2699,2343,2704,2378,2266", "start": "Spitzingsee-Kurvenlift", "stop": "Brecherspitze", "diff": null, "lit": null, "route": "", "pvol": "BayerischeAlpen", "prte": "B5", "type": null, "msdd": null, "sri": null, "adiff": null, "sdd": null, "wildlife": null, "status": null, "target": null, "distanz": null, "name": null, "id": 491 }, "geometry": null },
{ "type": "Feature", "properties": { "segments": "2379,7339,7337,2345", "start": "Spitzingsee-Kurvenlift", "stop": "Bodenschneid", "diff": null, "lit": null, "route": "Kleines Bital", "pvol": "BayerischeAlpen", "prte": "B5", "type": null, "msdd": null, "sri": null, "adiff": null, "sdd": null, "wildlife": null, "status": null, "target": "PS", "distanz": null, "name": null, "id": 492 }, "geometry": null },
{ "type": "Feature", "properties": { "segments": "3430,2354,2370,2359", "start": "Neuhaus", "stop": "Bodenschneid", "diff": null, "lit": null, "route": "über das Bodenschneidhaus", "pvol": "BayerischeAlpen", "prte": "B2", "type": null, "msdd": null, "sri": null, "adiff": null, "sdd": null, "wildlife": null, "status": null, "target": null, "distanz": null, "name": null, "id": 493 }, "geometry": null },
{ "type": "Feature", "properties": { "segments": "2926,3421,2928,2394,3419,2718,2719,3369,2929,3424,7308,2276,2277,2283", "start": "Spitzingsee-Taubensteinbahn", "stop": "Rotwand", "diff": null, "lit": null, "route": "über Taubenstein", "pvol": "BayerischeAlpen", "prte": "B9b", "type": null, "msdd": null, "sri": null, "adiff": null, "sdd": null, "wildlife": null, "status": null, "target": null, "distanz": null, "name": null, "id": 494 }, "geometry": null },
{ "type": "Feature", "properties": { "segments": "2926,3421,2928,2394,3419,2718,2719,3368,2275,2285,2284,2375,2286,7310,2289,3370", "start": "Spitzingsee-Taubensteinbahn", "stop": "Hochmiesing", "diff": null, "lit": null, "route": "über Taubensteinsattel und Miesingsattel", "pvol": "Bayerische Alpen", "prte": "B9v", "type": null, "msdd": null, "sri": null, "adiff": null, "sdd": null, "wildlife": null, "status": null, "target": null, "distanz": null, "name": null, "id": 495 }, "geometry": null },
{ "type": "Feature", "properties": { "segments": "3403,3407,3415,2281,3739,2278,7345,2283", "start": "Geitau", "stop": "Rotwand", "diff": null, "lit": null, "route": "über Großtiefentalalm", "pvol": "BayerischeAlpen", "prte": "B9v", "type": null, "msdd": null, "sri": null, "adiff": null, "sdd": null, "wildlife": null, "status": null, "target": null, "distanz": null, "name": null, "id": 496 }, "geometry": null },
{ "type": "Feature", "properties": { "segments": "3495", "start": "Geitau", "stop": "Heißenplatte", "diff": null, "lit": null, "route": null, "pvol": "BayerischeAlpen", "prte": "B13", "type": null, "msdd": null, "sri": null, "adiff": null, "sdd": null, "wildlife": null, "status": null, "target": "PS", "distanz": null, "name": null, "id": 497 }, "geometry": null },
{ "type": "Feature", "properties": { "segments": "2350,2351", "start": "Hennererhof", "stop": "Lahnenkopf", "diff": null, "lit": null, "route": null, "pvol": "BayerischeAlpen", "prte": "B1", "type": null, "msdd": null, "sri": null, "adiff": null, "sdd": null, "wildlife": null, "status": null, "target": null, "distanz": null, "name": null, "id": 498 }, "geometry": null },
{ "type": "Feature", "properties": { "segments": "3857", "start": "Urwies", "stop": "Mittelstaufen", "diff": null, "lit": null, "route": null, "pvol": null, "prte": null, "type": null, "msdd": null, "sri": null, "adiff": null, "sdd": null, "wildlife": null, "status": null, "target": "PS", "distanz": null, "name": null, "id": 499 }, "geometry": null }
]
}
